评价,评分
长隆度假区里面玩的东西还是挺多的 有长隆水上世界 长隆野生动物园 长隆飞鸟乐园 长隆欢乐世界 长隆大马戏 每个都玩过来大概要三天吧 除了飞鸟乐园 其他几个我们都去了 小朋友最喜欢的是水上世界和大马戏 漂流漂了一圈又一圈 大马戏互动非常好,5
如果带孩子出行 又有预算 我强烈建议预定VIP互动座 首先不用提前很多时间入园排队 其次马戏过程中有很多互动握手环节 还有送礼物和一起做游戏环节 惊喜满满 小孩很开心,5
终于有时间带孩子看看，孩子很开心。位置虽然挺靠前，但其实不太好，扭头也看不到巡游。应该买D2或者VIP区域的。那样就能完整观看了。,5
长隆真的缆车坐够了。非常值，人不多，不限次数。缆车感觉是最好的游园方式了。小火车真的要坐车右侧，视野更好。步行太费脚。还是缆车好,5
广州长隆熊猫五星大酒店非常赞，设施一流👍小朋友们非常喜欢，动物园很棒，留连忘返，水上乐园是全国最新赢的，别具一格，我们和孩子们玩也觉得年轻了！会推荐给朋友的。,5
这个时间来这里游玩蛮好，大部分项目都不太需要去排队，每个项目都可以刷一遍，过山车的确很刺激。不少项目1.4米以下的没法玩，小朋友要能跟着一起刷一遍就完美了。,5
价格比别的平台上便宜了60元。玩的很开心。看了各种动物。还有最喜欢的大熊猫,5
景区人不是很多，鸟类和动物都有，带小孩过来玩蛮好的。百鸟飞哥表演不容错过，还是非常震撼的，小孩的儿童乐园蛮不错，趣味性很强。,5
值得全家一起来 特别好玩。赶上学生春游，很是热闹。坐小火车很有特色 看到长颈鹿大河马 还能买树叶喂长颈鹿。当时人还不多 做了小火车和小缆车,5
暑假亲子打卡必去景点。难忘一夏。刺激难忘欢乐，做好防晒措施很重要！,5
天天暴走的节奏,5
这个时间来这里游玩蛮好，大部分项目都不太需要去排队，每个项目都可以刷一遍，过山车的确很刺激。不少项目1.4米以下的没法玩，小朋友要能跟着一起刷一遍就完美了。,5
景区人不是很多，鸟类和动物都有，带小孩过来玩蛮好的。百鸟飞哥表演不容错过，还是非常震撼的，小孩的儿童乐园蛮不错，趣味性很强。,5
预订时时间选错了，等发现的时候不能退票了，感觉很不好，只能另外买票进入。,4
景区人不是很多，鸟类和动物都有，带小孩过来玩蛮好的，百鸟飞哥表演不容错过。,5
给的票280，携程卖我们720,1
景色很美！,5
非常值得去的地方,5
挺好挺好挺好挺好挺好挺好挺好,5
非常棒 值得去,5
人太多了，客场无限流，里面项目的等候时间基本在40-120分钟+，人流过多,4
好玩，动物有好多，下次再来的，给个好评！,5
非常棒 值得去,5
非常棒 值得去,5
非常棒 值得去,5
非常棒 值得去,5
非常棒 值得去,5
非常棒 值得去,5
服务好，非常感谢,5
演出很精彩。,5
非常棒 值得去,5
非常棒 值得去,5
非常棒 值得去,5
挺好的挺适合小朋友玩的，就是我们去的那天有点下雨 还是晴天去体验会更好一些，那天发上万圣节活动小朋友有些害怕但还是挺有意思的,5
很有趣味性，设施齐全，淡季美食有点少，值得游玩。,5
不错的选择,5
环境很好 孩子很喜欢玩,5
总体服务细节还需要提升，用餐种类单一，排队体验比较差，服务人员态度需要改进,4
四星评价 可能是去之前评论看多了，抱着精彩绝伦的希望去观看，结果发现并不是想象中的那么精彩刺激。 1、首先动物表演几乎没有，只是成群结队出来溜达一圈结束。 2、其次跳水和秋千的表演形式相对单一，还有小丑的表演不够搞笑。 3、再来说说优点，交通还是很方便，地铁出来有免费接驳车到园区中心。另外表演中男性演员还是很卖力和辛苦的，有一定的危险性，特别是摩托表演和五环圈内圈外的表演，这两项给人印象深刻。,4
带着孩子来广州游玩，体验感非常非常的好，非常不错的的表演节目！,5
大马戏表演好看，1个半小时,5
非常适合带孩子游览，内容丰富多彩，服务态度很好。,5
终于有时间带孩子看看，孩子很开心。位置虽然挺靠前，但其实不太好，扭头也看不到巡游。应该买D2或者VIP区域的。那样就能完整观看了。,5
跟几十元的对比，这个价的趣味值没那么高,3
不错的选择,5
不错的选择,5
环境很好 孩子很喜欢玩,5
总体服务细节还需要提升，用餐种类单一，排队体验比较差，服务人员态度需要改进,4
动物很多。,5
整体感觉一般，动物大部分可以在野生动物园那边看到了。,3
非常好的玩了带娃的地方,5
游玩项目很丰富,5
园区很大，不错,5
就挺一般的，还不如湖州龙之梦，大概南方没有特别好的亲子区域所以被捧,3
缆车出行对老人最友好,5
长隆真的缆车坐够了。非常值，人不多，不限次数。缆车感觉是最好的游园方式了。小火车真的要坐车右侧，视野更好。步行太费脚。还是缆车好,5
服务周到，,5
很值得一去。,5
动物很多。,5
不错。带孩子去的,5
如果带孩子出行 又有预算 我强烈建议预定VIP互动座 首先不用提前很多时间入园排队 其次马戏过程中有很多互动握手环节 还有送礼物和一起做游戏环节 惊喜满满 小孩很开心,5
强烈推荐亲子必去的好地方，非常好玩。,5
朋友们，放心冲！性价比真的很高，而且交通非常方便，大家可以来体验体验！,5
这里景色还算不错的，性价比还可以。,5
超级无敌好玩,5
一等票710/人，离得近可互动，看演出很方便,5
这个度假区太大了 真的啥都有 好玩的太多了,5
非常不错，就是天气热，环境不错，一直跟着路线图走就可以，不会错过精彩节目,5
很不错。带孩子去的,5
不错。带孩子去的,5
不错。带孩子去的,5
相当不满意 一点也不人性化。快速票规则不合理,1
唯一的遗憾作为VIP区的观众，居然被互动和各种礼物忽略了。,5
非常值得游玩~,5
亲子游必备推荐！一级棒！很好玩！,5
入住多次了,5
入住多次了,5
6666666,3
值得玩一玩,4
"人挺多，玩的项目都需要排,购票时注意小孩的身高",4
这里有三大游乐区，各具特色，很好玩,5
升级了一等座，活动性强，而且近距离看演出效果非常不错。得到礼物的机会也很大，总体感觉一百分,5
广州长隆熊猫五星大酒店非常赞，设施一流👍小朋友们非常喜欢，动物园很棒，留连忘返，水上乐园是全国最新赢的，别具一格，我们和孩子们玩也觉得年轻了！会推荐给朋友的。,5
今天人不多，每个项目排队只需三十分钟。,5
今天人不多，每个项目排队只需三十分钟。,5
非常棒的体验，幸好提前在网上预约了，不然周末人好多，不枉费我期待这么久，确实很不错,5
那里有各种各样的动物很值得去，而且非常适合打卡。,5
差评送给携程。携程订票需谨慎，在携程定了大马戏的票，在检票处刷不出信息。过了一会收到信息，让去另一个检票口找私人取票。不去也退不了，只能带着孩子，拖着行李箱，又步行去取票。其实也没票，就是一个人带着我们进去。感觉被携程倒卖了。差评。早知道不如直接官方订票了。,3
值得玩一玩,4
小朋友很喜欢,5
很不错哦！,5
不好玩，如果有其他选择不建议过来,3
大朋友都很开心,5
不愧评价这么高，可以算是实至名归了，会推荐给朋友的,5
很值得一玩,4
大马戏内容丰富，精彩分层，表演者来自各个国家，很有实力，基本都很惊险，座位安排不太合理，网络购票和现场买票一样的价格。互动环节是为VIP设置的，总体来说比较满意，不过个人感觉票价较高。野生动物园根据攻略打卡，值得一玩，可以跟各种动物亲密接触，小朋友很喜欢，就是比较累脚。,5
精彩绝伦，全程高燃，爱了,5
还可以的乐园,5
对比了几个平台，这里价格最便宜,5
小朋友很喜欢,5
地理位置优越，四季常绿，是现在国内规模最大，人气爆棚的亲子游玩景区。全世界的动物都有，各种娱乐设施齐全，真的是一个好地方。,5
一般一般半,4
几年前带老大来过一次，门票涨价不少，但是感觉没有新意创新，有些节目似乎还减掉了。这次孩子觉得也很一般。,3
门票也不算便宜，整体感觉就那样，没有觉得特别特别惊艳，我们买的最普通的票，所以也没啥互动。,4
玩水确实很解压啊。。。。。。。。。。。。。。。。。。。。。。,5
广州长隆是我小时候玩过的最多一个度假区了，每年的暑假和寒假，我都会抽个时间过去玩几天，满满的都是回忆。,5
亲子游首选之地，体验感很好。,5
总体体验不错，下次再来,4
不虚此行！值得一去！,5
孩子很喜欢,1
各有特色吧，规模挺大,4
暑假亲子打卡必去景点。难忘一夏。刺激难忘欢乐，做好防晒措施很重要！,5
今年难得地过了一个完整的暑假，抓紧时间和家人一起去广州长隆玩一趟，就住在度假区里头，玩了三天两夜，很过瘾。,5
下雨索道没开，只有动物节目考拉睡觉有趣，其他没趣。吃喝较贵，感觉门票价格高了。,4
因为下雨索道没开，节目也没多少，趣味性不多，只是看动物节目考拉睡觉的呆萌样有趣些。里面吃喝太贵。,4
不能提前一二天退票,1
大马戏绝对值回票价，工作人员非常贴心，一定一定要买一等座。,5
广州长隆度假区是暑假朋友们度假的好地方，吃喝玩乐都有很好的选择。,5
曾经的度假乐园行业天花板，现在的老破小……人多排队真的是抓狂😫，尤其是行程比较紧张的游客不买绿通根本耗不住。可以说非常闷热，植物都没有修剪，食草动物区粪便多，也很臭。现在内卷如此严重，希望长隆不要只是名气大而不注重游客感受，其他地方例如银基，方特，华侨城等都比这里强很多，也许我不会再来。,2
挺好玩，特别是熊猫乐园！就是比较累，景区非常大，走路累瘫了,5
很好玩，孩子很喜欢,5
很好玩，孩子很喜欢,5
好好玩，孩子很喜欢,5
大马戏表演认真敬业，场面震撼,5
动物园游程设计合理有趣，体验感非常棒,5
不能提前一二天退票,1
大马戏绝对值回票价，工作人员非常贴心，一定一定要买一等座。,5
广州长隆度假区是暑假朋友们度假的好地方，吃喝玩乐都有很好的选择。,5
曾经的度假乐园行业天花板，现在的老破小……人多排队真的是抓狂😫，尤其是行程比较紧张的游客不买绿通根本耗不住。可以说非常闷热，植物都没有修剪，食草动物区粪便多，也很臭。现在内卷如此严重，希望长隆不要只是名气大而不注重游客感受，其他地方例如银基，方特，华侨城等都比这里强很多，也许我不会再来。,2
挺好玩，特别是熊猫乐园！就是比较累，景区非常大，走路累瘫了,5
长隆动物园的确是必去的景点，动物品种很多，马戏表演精彩。开车进长隆动物园的体验感非同凡响，每辆车300元非常值得，能和小动物近距离接触，大人孩子都很开心,5
值得跑一趟,5
不要暑假去，体验太差 热，人多,4
很好看，不错,5
广州长隆度假区非常适合带着孩子来度假，吃喝玩乐都是最爱。,5
吃饭价格有点贵，口味还可以,5
【景色】一般 【趣味】一般 【性价比】一般,5
Ddddd,5
游乐园的设施还是挺不错的，推荐给大家,5
收皮啦，长隆。一张家属票都免不了，叼！,1
吃的东西比较贵，玩的东西很刺激，体验感还行，里面很大，小朋友都说不累，应该是玩的很开心啊🥳,5
很大就餐区，餐品丰富，能在餐厅里看到火烈鸟和白虎，很有特色。菜的种类很丰富，冷热均有，做的还不错,5
【景色】很喜欢😘，不错 【趣味】可以 【性价比】很值得带娃去玩的好地方,5
"with Mum, 🐑",5
主要说下飞鸟乐园，远，没有意思，基本动物园都有，表演马马虎虎吧，也就表演和科普的人很认真，其他很一般,3
值得全家一起来 特别好玩。赶上学生春游，很是热闹。坐小火车很有特色 看到长颈鹿大河马 还能买树叶喂长颈鹿。当时人还不多 做了小火车和小缆车,5
【景色】一般 【趣味】一般 【性价比】一般,5
Ddddd,5
游乐园的设施还是挺不错的，推荐给大家,5
收皮啦，长隆。一张家属票都免不了，叼！,1
吃的东西比较贵，玩的东西很刺激，体验感还行，里面很大，小朋友都说不累，应该是玩的很开心啊🥳,5
非常好玩 值得再去,5
广东省广州市长隆度假区，长隆野生动物世界，是全国闻名的甚至世界闻名的旅游度假休闲的好地方，适合全家人去游玩，适合大家前来玩一玩游一游逛一逛，还是灰常不错的,5
孩子玩得非常开心。,5
带孩子去玩得非常开心。,5
这是带孩子第二次去长隆玩,5
大啊！！有老虎！！！富氧,5
好玩儿！人少点更好玩！！！！,5
值得观看，非常刺激，演员很敬业，专业的表演，专业的态度，效果很好，加上开场热身，前后差不多两小时的表演，全程紧凑衔接，选座要注意位置,5
不建议游玩,1
假期人多，价格偏贵，平时性价比很高，演出很震撼，其他的都很满意,5
还可以，环境好，有趣,4
早来占座！,5
就是赶上下雨了。没法继续了！,5
第一天先来的飞鸟乐园，总体感觉不错，看到好多没见过的动物和鸟，各种表演也很精彩，只是天公不作美，雨中观看百鸟飞歌，因为雨下的大，调整了表演节目，没看尽兴,4
蛮多好玩的 我们都不玩玩过山车 所以还可,5
美丽的风景，别致的建筑，值得打卡！,5
很多年前就去过，这是第二次来，节目基本没变，前几个节目可以，很美，视觉冲击很强，但是后面的人为表演还是一成不变，科技少了点，不是很好看了。位置最好早点去现场选,3
景区标识清楚，游玩路线设计合理。,5
不建议游玩,1
来广州必打卡地之一！,4
来广州必打卡地之一！,4
到广州旅游首选长隆野生动物世界，这里超多的野生动物深受朋友们的喜爱。,5
必须vip,5
还不错我觉得。,5
整体感觉还可以～动物很多，挺新奇的，能亲身感受到动物世界的感受～园林有点大，还是要安排充足的时间～安全做的很到位，猛兽类的都有隔离安全～自驾游标识也很清楚～不好的就是工作人员验证速度有点慢，那么多人在那里晃悠，车在那里堵着,5
大马戏很震撼，工作人员服务态度很好，表演人员技能太赞了，也很辛苦，都很热情跟顾客互动，区域安全做的还不错，灯光效果也很不错，卫生很好～,5
大马戏很震撼，工作人员服务态度很好，表演人员技能太赞了，也很辛苦，都很热情跟顾客互动，区域安全做的还不错，灯光效果也很不错，卫生很好～,5
整体感觉还可以～动物很多，挺新奇的，能亲身感受到动物世界的感受～园林有点大，还是要安排充足的时间～安全做的很到位，猛兽类的都有隔离安全～自驾游标识也很清楚～不好的就是工作人员验证速度有点慢，那么多人在那里晃悠，车在那里堵着,5
携家带口，放松心情，快乐回家。,5
广州长隆度假区是一家超受游客欢迎的景区，这里有许多可爱的动物，还有高端酒店，还有游乐场，还有大马戏表演。,5
玩得非常开心，太好了。人也是真的多，也有很多小孩子，下次也要带小孩子来。,5
小贵了些，其他都挺好,5
非常值得推荐的全家游玩的好地方。,5
广州长隆度假区非常适合假期带着孩子度假，这里丰富多彩的游玩项目很有特色并且很吸引人。,5
还可以吧，人超级多,5
周边设施全清这方面,5
工作人员热情，认真解答问题。,5
时隔几年去长隆，明显感到设施和环境变得陈旧了，建议增加电动车或者大童推车，小学一年级玩全园还是累的不行，另外服务太差了，工作人员都扑克脸，爱搭不理有气无力的，忽略这些还是好玩的，另外建议开发全项的快速通，不想排队看到长长的队伍真的好无奈啊,4
遇上三八节女士有优惠，两大一小三张票不到1000算是性价比很高的了，但位置是固定编排好的，坐在侧边，但也不影响观看，还是值得的,5
广州长隆度假区是一家超受游客欢迎的景区，这里有许多可爱的动物，还有高端酒店，还有游乐场，还有大马戏表演。,5
玩得非常开心，太好了。人也是真的多，也有很多小孩子，下次也要带小孩子来。,5
小贵了些，其他都挺好,5
看到评价还不错就来了，确实跟大家夸的没有出入，希望店家继续保持噢,5
【景色】不错 【趣味】不错 【性价比】可以,5
现在来玩真的很合适，人少多了，住宿环境很好，玩得很开心！,5
很适合带孩子去游玩,4
住店客人的位置是最差的！票务中心说什么电脑锁定的，加钱也换不到，好的位置都卖没了。其实开场前一分钟好位置那边还空了三分之一！大老远带孩子来看了些啥，坐在一门大炮后面，简直了！前后左右都在抱怨，基本都是一样情况，欺负住店客人～～,2
动物园景色很美，过年期间人实在太多了,5
广东区域的老牌游乐园，动物园还是最精华，最值得一去的，飞鸟园有点小远，但也值得一看，收鸟的时候很有意思，小鸟傻傻笨笨的，很乖巧就进笼子啦！,5
非常感恩长隆大马戏里面的工作人员，真的非常感谢，虽然没有来得及知道你们的姓名。1-26那天正好是我家娃的生日，由于第一次去，我们只换了大人的三张票，两个娃的票没有换，到了才知道要换的不然不能坐在一起，问了卖手持五彩灯的工作人员，她帮我问了管事的，管事的又让我去VIP窗口试试，窗口工作人员知道我的情况后，帮我换了互动票，我们体验非常好，跟很多演员互动，他们的快乐感染了我们，娃也很开心，真的非常感激你们，下次来还会来长隆的。,5
来之前就听很多人说这里不错，应该算目前国内数一数二的马戏表演了❗ 起初真是没当回事儿，觉得现场买票就可以了，后来临出发前一天随便上网搜了搜，发现门票都被抢购一空了，只能买到到广州第三天的票了，于是赶紧下单买了个一等座，其实买的时候我对普通座，一等座和Vip座位很不了解，分布图也没看懂，但我就觉得几十块钱之差买一等座更划算一些！ 果然，到了之后一等座就是不一样，可以坐在前排，如果够幸运可以靠过道的位置，表演途中经常可以参与互动，我旁边的小女孩说看了两天了，第①天普通座位看的不清，后来又买了一等座再看一遍！不知道为什么我同时买的两大一小票，但是作为确实分开的，本来我说跟开心姐坐一起，但是到了发现爸爸10排17的位置比我们9排28的位置更靠中间，于是她选择自己坐靠中间的位置。,5
表演很经彩，大于10个月的孩子普通票也要245元,5
非常棒的体验,5
人太多，赶路，小孩没吃好不高兴，里面主要还是承载量太大，有些草地光秃秃的，可能跟季节也有关系,4
小朋友4岁多，特地去了大马戏，但是有点坐不住，不推荐孩子太小的前往哦！马戏团基本都是外国人，技术含量比较高的，会场里的爆米花🍿非常好吃，一定买焦糖的,5
这个春节期间，很多人回去老家过年了，但是也有很多人选择留在广州过年，也有一些人从外地来到广州旅游顺便留在广州过春节，呵呵(ꄱੈˍꄱੈ)  ，所以我们春节来到广州长隆度假区，我们特意去看看了一看看长隆大马戏，果然是世界级的表演，灰常不错，灰常精彩,5
没有觉得哪儿个好，不会再来了，远远没有广州动物园带给人的乐趣高，缆车也就远远看一下，也没有特别感觉，设施陈旧，缺乏管理。,2
动物园景色很美，过年期间人实在太多了,5
广东区域的老牌游乐园，动物园还是最精华，最值得一去的，飞鸟园有点小远，但也值得一看，收鸟的时候很有意思，小鸟傻傻笨笨的，很乖巧就进笼子啦！,5
度假区有好几个乐园组成，玩是挺好的，就是交通不太行，走的路太多。,5
每次到广州长隆和珠海长隆都要看大马戏，确实太震撼啦……互动搞怪也很多，小朋友和老人特别喜欢，很开心，虽然票价贵一点，但是非常值得观看的,5
正合我意啊,5
正合我意啊,5
一如既往的喜欢,5
非常好，可惜是国外的团队,5
野生世界很坑，头天去欢乐世界和吃自助餐都说小朋友没有一米免费进入，结果第二天到了野生世界世界居然说超过一米要补票245，争论半天不得不补票，明明身高就是没有一米嘛，太不人性化了，就是这样抢钱呀,1
长隆野生动物世界园区占地2000余亩，分为自驾车游览区和步行游览区两大部分。自驾车游览区位于园区西半部，以野生动物的大规模放养为主要特色；步行游览区位于园区东半部，以世界各地的珍稀野生动物为主要特色。,5
不错，挺好玩的。就是有点贵。,5
【景色】景色宜人 【趣味】趣味十足 【性价比】还可以,5
感觉不错哦 我觉得很哈 哈哈哈哈,5
新鲜的，好奇的，挑战的，快乐！,5
游乐项目众多，适合亲子游玩，不错,5
广州长隆动物园真的很不错，景色环境都很好。,4
度假区内有很多的景点，非常不错，推荐,5
非常不错的游玩体验，这里有多种刺激的过山车体验，整个乐园非常大，怎么玩都不觉得腻，非常值得一去！,5
来了很多次，一如既往的人很多。游戏设施已经玩麻木了。该换新了。,3
长隆野生动物世界园区占地2000余亩，分为自驾车游览区和步行游览区两大部分。自驾车游览区位于园区西半部，以野生动物的大规模放养为主要特色；步行游览区位于园区东半部，以世界各地的珍稀野生动物为主要特色。,5
不错，挺好玩的。就是有点贵。,5
【景色】景色宜人 【趣味】趣味十足 【性价比】还可以,5
非常喜欢，非常推荐，期待我们都可以畅快自由行了，一定要再去，很适合带老人一起。,5
不错，挺好玩的，就是太热了，排队的人很多，线路指示牌不是很明确，做了很多冤路，出了地铁口是可以免费坐车到另一个门，但是指示牌没说清楚，只说去往酒店，白白走了很多路。园区内吃的东西比较少，纪念品,5
住熊猫酒店的一定要记住，野生动物园从长隆熊猫酒店坐免费大巴到动物园南门，进去后坐缆车到天鹅湖，然后坐小火车游览，然后再跟着指示走，最后从南门出来坐免费大巴回酒店,5
很刺激，玩多了头痛，晚上还有电音节，国庆节去的,5
一个非常成功的文化旅游项目，现在国内的爸爸妈妈如果要带小孩去国内找个乐园度假的话，十有八九合适的去广州长隆！,5
国内最大最佳的旅游度假区之一，项目齐全，亲子游度假首选。,5
游玩的很开心,5
很多动物小孩喜欢,5
感觉不错哦 我觉得很哈 哈哈哈哈哈,5
虽然去过长隆几次，但是马戏是第一去看，气氛很好，很欢乐，太适合一大家子人去了！,5
不错挺好玩,5
这里景色秀丽非常值得去看看的。,5
广州长隆度假区，好玩程度在心目中排第一。,4
广州长隆度假区很大，有水上乐园，野生动物园,5
了解了解一下值得一看！不错不错,5
广州长隆集团是一家集旅游景点、酒店餐饮、娱乐休闲于一体的大型企业集团，旗下拥有长隆欢乐世界、长隆国际大马戏、长隆香江野生动物世界、长隆水上乐园、广州鳄鱼公园、长隆酒店、香江酒店、长隆高尔夫练习中心和香江酒家等9家子公司。是全国首批，广州唯一，国家级AAAAA景区。,5
马戏之王，很震撼,5
广州长隆，不错的地方，环境很好，景色很漂亮，推荐来看看，很不错,5
很好玩，有很多不同景区，夏天去水上乐园最棒,5
挺好的呀呀呀呀呀呀呀呀呀呀呀呀呀,5
不错挺好玩,5
这里景色秀丽非常值得去看看的。,5
热热热！贵贵贵！动物很有距离感,4
可能期望值太高，导致玩得体验感一般，小火车还可以，但总体动物观赏感一般,3
还不错，入园之后都是免费的，挺实在。孩子很喜欢，这个点还是不错的,5
广州长隆度假区是四园一区，特别大，有野生动物世界，马戏团,4
长隆就是一个品牌，期。亲子活动最棒的地方，,5
适合带小朋友游玩，有游览小火车和空中缆车，吃玩便利，价格相对来说算实惠型,1
娱乐设施丰富多彩，超级点赞的快乐地,5
广州的长隆度假区非常的好，确实非常的不错，很漂亮,3
玩的特别开心,5
人比较多 总的来说还是比较开心,4
人比较多 可能是暑假的原因吧 和之前去的感觉不一样 增加了一些新的项目,4
孩子玩得比较开心,4
园区很大，设施都是很高端很好玩的，昨天刚去了水上乐园，孩子们都玩得不想走了,5
【性价比】 【趣味】 【景色】非常棒,5
动物种类和数量都很多，大马戏表演很精彩,5
体验感不好，园区服务态度差，真的不想再去玩，堂堂五升级长隆动物园，竟然是这样的，真心不推荐你们去玩，特别是接驳巴士的那个司机，完全没脑子，有病的人！人没坐好扶稳就开车，吓死！简直有病！,1
娱乐设施丰富多彩，超级点赞的快乐地,5
还是挺好看的,5
很好，开心。,5
广州长隆度假区是孩子们观光旅游的好去处,5
交通还是比较方便的，游乐设施比较多。,5
很值得来玩,5
来了很多次了，真心不错，孩子也很是喜欢。,5
就是进门口检票花了40分钟,4
哈哈哈哈哈哈,5
熊猫最会逗小孩高兴了，难怪千年还存活,5
挺好看的，不错,5
还是挺好看的,5
非常不错。,5
中国的乐园硬件都可以砸钱搞得好，软性的服务就差太多了，弱爆了。大概对于普通员工来说这些都是工作，谋生，没有任何激情，看不出真爱，所以很少看到热情的笑脸，真诚的解说，组织调动游客们的兴趣… 以及精彩的节目！,5
很不错 位置也好,5
夏天果然玩水才是最佳的选择，长隆水上乐园里面水上游乐设施很丰富，惊险刺激的，亲子的都有很多项目，总能找到适合自己的，还可以水上蹦迪，超赞！建议避开节假日来最好。,5
很好玩，下次还来,5
好玩 是个不错的地方,5
吃的东西都很贵,5
广州长隆度假区有游乐场，也有水上乐园。,4
好几年没来了，终于需要陪娃来玩水。,5
在这里非常快乐，老老少少都可以去游玩，地方非常的大，我最喜欢看大马戏，这里是度假的天堂。,5
非常好，设备很刺激，排队人也不多，可以经常去那边玩，推荐一下给大家，性价比很高。非常好，设备很刺激，排队人也不多，可以经常去那边玩，推荐一下给大家，性价比很高。,5
一家人去这里过个周末，最合适了,5
印象中非常欢快，热闹，好玩的野生动物世界。 与以往相比冷清了许多。小孩子嘛，出来玩总是喜欢热闹一点的。 It's worth visiting! I love the animals. I want to see them again.,4
很不错！！！！！！！！！！！！,5
国内最大设施最齐全的旅游度假区，马戏，动物园，水上乐园，都是小朋友们的热爱。,5
感觉不错哦 我觉得很好啊 个哈哈哈,5
放心来就对了，体验感一级棒，总之非常推荐各位来打卡,5
哈哈哈哈哈,5
一家人去一趟，能玩两三天，真是累，累并快乐着,5
在这里非常快乐，老老少少都可以去游玩，地方非常的大，我最喜欢看大马戏，这里是度假的天堂。,5
非常好，设备很刺激，排队人也不多，可以经常去那边玩，推荐一下给大家，性价比很高。非常好，设备很刺激，排队人也不多，可以经常去那边玩，推荐一下给大家，性价比很高。,5
一家人去这里过个周末，最合适了,5
印象中非常欢快，热闹，好玩的野生动物世界。 与以往相比冷清了许多。小孩子嘛，出来玩总是喜欢热闹一点的。 It's worth visiting! I love the animals. I want to see them again.,4
很不错！！！！！！！！！！！！,5
国内最大设施最齐全的旅游度假区，马戏，动物园，水上乐园，都是小朋友们的热爱。,5
感觉不错哦 我觉得很好啊 个哈哈哈,5
很不错，酒店也很好，有主题有创意,5
长隆水上乐园 娃初二后 就没再去过 娃小时候,5
今天和家人一起来解锁新店，因为一直沉浸其中，都没顾得上拍照，非常好玩,5
长隆度假区在广州是挺受欢迎的旅游之地。印象中总是有那个电瓶车接送的，可以随时到长隆欢乐世界，或者是水上世界，或者是长隆野生动物园，或者是飞鸟乐园的。而在长隆香江酒店是有固定时间接送的，10:30，14:30是可以送去动物世界南门的。预约的话18:30则是送去看大马戏的，21:30会接回酒店。,5
广州市长隆旅游度假区地处广州番禺迎宾路，游乐设施有近70项。 欢乐世界引进了瑞士、荷兰、德国、意大利、美国等全球游乐设备公司的设备，其中包括：垂直过山车， 十环过山车、摩托过山车、U型摩天滑板和超级水车大战等。 广州市长隆旅游度假区占地面积1万亩，采用了欧陆风格设计。,4
挺不错的一个旅游度假去处，值得一去,4
非常不错👍👍👍👍值得推荐,5
干净卫生整洁有序，服务周到认真仔细,5
环境优美自然👌👌非常不错👍,5
里面很大，有动物世界，水上乐园，欢乐世界，马戏表演，几个主题曲可以玩上几天。,5
非常不错的地方，应该去看看玩的,5
虽然地点比较偏，而且附近还在修路，但是这里值得游览。,5
长隆，同时也会配合到这个活动里面来，所以跟广州的长隆度假区都会有比较不错的互动，不过近来注意一下安全就是，毕竟这边的客流量还真的是蛮大的。,4
水上乐园现在的天气就暂时还没有完全开放，到以后的话，可能就会更加的热闹了，尤其是夏天的时候，更多人过来这边听演唱会，边玩水边听音乐，身边就有人造海浪。,4
环境不错👍👍👍值得推荐👌👍👍,5
广州长隆度假区，整个度假区的配套设施很齐全，来这里旅游一定有一份好的心情。,5
这个可是广东很著名的景点啊好评好评哈哈哈哈,5
国内最大的综合度假区之一，集度假，餐饮，观光，游乐，马戏表演，野生动物园于一体，尤其适合亲子游。,5
这里适合全家老少一起来玩，住上几天非常的惬意，地方很大，玩的东西又特别的多。,5
感觉不错哦 我觉得很好啊 哈哈哈哈,5
非常不错的地方，应该去看看玩的,5
带孩子来这里玩上几天也不厌，非常的好玩,5
广东广州长隆野生动物世界，总体比珠海长隆海洋王国要趣味性差一些。,4
小朋友很喜欢的一个地方，每年都会去一次。,5
从三月一日开始到三月八号都是女王节半价优惠时段，只需要是性别女的都可以享受长隆度假区旗下的几大度假乐园的半价优惠，可以相约两个女孩子一起进去就双双半价啦！,4
半价的优惠虽然在二月份已经结束了，但是三月份在3月8号之前，都有女士半价优惠，两个宝妈结伴同行是最好的了，平日的价格也就是150元，也太划算了，但停车费用比较高，36块钱一次。,4
白虎山这边是长隆的重头戏，在这边是老虎的乐园，走进虎穴小虎托儿所，还有这边的小虎撒野乐园，最后可以看到白虎跳水真的是特别精彩。,4
空中缆车可以720度观赏万兽盛会，体验与兽同行，与鸟齐飞的震撼刺激，天鹅湖真的是太漂亮了，尤其是从上面俯瞰下来，缆车有两种，可以选择游园路线，就比较的过瘾。,4
总共有两个门，对应的是两条线路，一条是从北门出发，先坐小火车，一路逛到熊猫乐园站，最后乘坐缆车回程，另外一个就是先从步行区进去最后才坐小火车出来，南门的线路会错峰一点。,4
很好玩的地方，无论大人小孩都会玩得很开心,5
非常好玩，游乐项目很多，马戏表演最精彩。,5
带孩子来这里玩上几天也不厌，非常的好玩,5
广东广州长隆野生动物世界，总体比珠海长隆海洋王国要趣味性差一些。,4
小朋友很喜欢的一个地方，每年都会去一次。,5
好地方值得去,5
好地方👍,5
很好玩哦，既适合小朋友也适合大朋友去玩一玩哟,5
很值得带小孩去玩，可以和动物亲密接触！,5
疫情周末没有很多人好玩,5
感觉不错哦 我觉得很好吃好喝好,5
挺好玩的，下次会继续去玩。哈哈哈,5
每年夏天暑假的时候都会带着孩子一起去旅游,4
非常满意喜欢,5
很好玩，里面的项目有很多，非常喜欢,4
方便，刷身份证方便,5
交通方便，好玩,5
【景色】美 【趣味】规模大，设施多，多国情调,5
广州长隆度假区，是一个精心打造的品牌。,4
感觉还不错哦 哈哈哈哈 很好的,5
很大很好玩的游乐区，价格不菲啊,4
很高兴，很高兴，很高兴，很好玩，很好玩，很好玩，值得去体验。,5
推荐的亲子乐园，游乐设施很多，美美的。,5
非常满意喜欢,5
很好玩，里面的项目有很多，非常喜欢,4
长隆的万圣节活动真的是超级有气氛，和朋友来真的是超级好玩。两层高的旋转木马真的是每次都要必刷的，万圣节是夜场的票，人很多里面消费有点高,5
挺好玩的，觉得长隆应该算国内亲子第一人了吧。非常推荐呢，大人小孩都玩的高兴,5
记得体验一下锤直过山车，那酸爽的感觉就一个个，舒爽,5
主要去了欢乐世界，过山车蛮有意思！,4
长隆这个集团真的还是很牛的，我觉得在这边完全可以带着小朋友玩上2到3天，因为可以在野生动物园逛一逛，再到这个东校区来玩一玩，顺便就住在这里,4
被长隆的人多劝退了吗？劝你看完游玩路线北门—堕落迷城（恶灵凶宅）—灵界（6号凶座、椰林大道）—明日之地（丧地月台）—南瓜小镇（旋转木马）—狂野部落—超级演艺广场（电音派对）前期准备去之前看地图，做好功课，节省找路的时间提前预约日期，到了不用取票刷身份证入场南门北门都巨多人，一定要提早去，两点去排队入场毫不夸张园区遍布储物柜90分钟，轻装上阵，避免凌乱中丢失物品安检不严，可带水和小零食第一批入园可以化个免费气氛妆，后面进去就别考虑了，等待1小时以上收费妆容30-150有很惊艳的，还是得早早早去，有米大佬也很多建议用口红眼线笔 diy ，或买纹身贴，把排队化妆的时间去玩-关于手环安全版手环没必要，和不带差不多，鬼哥哥姐姐们没空吓你无畏版资深玩家可以尝试，有机会被 npc 抬走哈哈哈社交版社交牛逼症和双十一前想脱单的 u 快拿下快速手环是太必要了‼至少用在3个热门鬼屋，直接走快速通道进去10分钟刷一个爽歪歪不然排到怀疑人生-剧本世界我 pick 【灵界】沉浸感十足，还原上世纪上海街景,5
广州长隆有很多不同的游乐场，我个人比较经常去欢乐世界，离市区很近，坐地铁不到半个钟就到了。这个万圣节主题活动是夜场，门票会有优惠,5
精彩程度不容置疑哈…不是第一次看了，就是票价相对太高了，几个人一起去，门票马上上千了就！剧场人也多…最重要的是开车一定要提前去，附近的交通太烂了，可能是修路的原因，提前半小时出发迟到了十分钟，无语😑,5
感觉不错哦 我觉得很嗨的呢！！,5
国庆长假去的，体验感不错，景区管理很有秩序，建议外地游客买个快速通道手环，150块超值，毕竟时间宝贵，而且可以省下排队的体力,5
这次去的是长隆水上乐园，作为一个广州人长隆真的从小陪我到大，但设施养护得很好每年都有更新，很放心得放开玩，现在交通也十分方便，从市区坐地铁不到半个钟,5
禁区很好。,5
长隆很美，但管理团队跟不上。希望多整治！,1
很受欢迎是真的，但是人太多游乐设施供不应求。一个项目排队两小时都没排上，哈哈哈毫无游戏体验只能去玩漂流冲浪咯。好是好漂亮是漂亮大型是大型环境设备必须五星好评啦但是排队都半天了。,5
长隆共有五大园区，长隆欢乐世界，香江野生动物园，长隆飞鸟世界，长隆水上乐园，长隆大马戏。都不错，只是门票贵，里面的东西贵，还不让带食品水进一去。,5
家人都很喜欢！,5
孩子超喜欢,5
【景色】：好 【趣味】：好 【性价比】：好,5
感觉不错哦 我觉得很嗨的呢！！,5
长隆度假区酒店好多人啊无得网购物车了,3
棒的呢、留了一等座第一排的位置、巡游的时候近距离接触,5
长隆有点小贵！！,4
好玩就是人多,5
长隆渡假区非常适合家庭亲子游！孩子特别喜欢，每年都要去体验一下！,5
欢乐世界，水上乐园，动物园，只有你想不到，乐趣多多,5
长隆度假区里面的娱乐设施很多，玩不够，可以选择住在里面酒店，玩几天，玩到够尽兴。,5
好玩，景色也好，里面还有表演。里面的服务规范。有序排队。动物品种多，最喜欢看大蟒蛇，尤其是金黄色的！如果还有海底动物就好了。,5
喜欢的，我们比较早去，不堵车，很快到了！,5
很多表演看，看到很多动物，小孩子很喜欢！,5
长隆度假区酒店好多人啊无得网购物车了,3
这个超好玩的 我很喜欢呢 哈哈哈,5
好好好好好好好去了其味无穷好好好好,5
值得一到的地方，人很多，精彩,5
项目较多，适合亲子游！！,5
非常大型的游乐园，值得亲子家庭玩上几天,4
珠海横琴长隆国际海洋度假区是珠海市的旅游标杆项目。有人说，全世界的海洋馆都可以不去，但是海洋王国必须去一趟，因为这里是全球最大的海洋主题公园，不仅能看到特色珍稀的海洋动物，还能打卡梦幻烟花盛宴。,5
非常的喜欢,5
还可以吧，带小孩适合去,4
非常值得一去，野生动物园很大，看到了很多其他动物园没看到的动物,5
亲子活动还不错,5
入住很愉快，印象深刻，特别是贵宾楼温想弟，人长的好看，说话好听声音温柔且非常专业地为我讲解了-如何游玩几个园区，服务很好谢谢。还有礼宾部的周龙韬也不错，去园区游玩有安排电瓶车接送，很方便。入住很愉快，印象深刻，特别是贵宾楼温想弟，人长的好看，说话好听声音温柔且非常专业地为我讲解了-如何游玩几个园区，服务很好谢谢。还有礼宾部的周龙韬也不错，去园区游玩有安排电瓶车接送，很方便。入住很愉快，印象深刻，特别是贵宾楼温想弟，人长的好看，说话好听声音温柔且非常专业地为我讲解了-如何游玩几个园区，服务很好谢谢。还有礼宾部的周龙韬也不错，去园区游玩有安排入住很愉快，印象深刻，特别是贵宾楼温想弟，人长的好看，说话好听声音温柔且非常专业地为我讲解了-如何游玩几个园区，服务很好谢谢。还有礼宾部的周龙韬也不错，去园区游玩有安排电瓶车接送，很方便。也感谢周锦锋为最后一段旅程电瓶车接送，很方便。,5
广州长隆集团涉及的景区景点、包括酒店非常之多。长隆欢乐世界（游乐场）、长隆野生动物园、长隆大马戏、长隆飞鸟乐园……等等等等。感觉一周的时间在这里都玩儿不完。,5
那么多园区，好多主题。小朋友玩的开心。都想下次再来！服务好环境好！很好的一次游记体验，希望一直一样做的这么👌🏿！下次再见88！,5
非常好玩！与朋友一起度过美好周末吧～,5
"欢乐世界和水上乐园套票，有使用限制，就是第一天检票从欢乐世界进入园区后，第二天检票入园必须从另外的一个园区也就是水上世界进入。反之亦然。 欢乐世界里烤肠20元两根，水上世界12元一根，不都是长隆管理的么，还搞出差异化了。欢乐世界一个米饭套餐78,水上世界一个薯条鸡翅鸡块拼盘88. 你说这么贵了，弄的好吃点也行，那就是你想多了，又贵又难吃，下回还是自己多带点口粮。 如果小孩子没一米四，就不建议去了，很多项目玩不了。",4
值得一看。,5
值得一去，玩过才知道，小朋友喜欢，在天鹅湖餐厅吃午餐，有一丢丢贵，至少味道还可以。,5
姐妹们！冲啊！真的超级超级好玩！,5
好久没玩了 有机会一定带孩子去,5
广州长隆度假区分别包括长隆野生动物世界，欢乐世界，水上乐园，飞鸟乐园，国际大剧院等。每一个园区都深受游人欢迎，最受欢迎的是野生动物世界，很多人去了又去。,5
超级棒，超级适合家庭亲子游玩的公园，意犹未尽。最好是选择三天的行程，第1天游玩欢乐世界，一整天各种过山车，超高超刺激。第2天去世界鸟乐园体验，不一样的形成解暑纳凉。第3天动物世界，侏罗纪公园，每一天体验不同的园区特色和景观。体验特别棒，好喜欢长隆。,5
不错不错！！！！！！！！！！！！,5
人稍微有些多，一天很难全部玩完，建议两天会好一些，第一次去还是非常有意思的，对于孩子来说，认识很多动物，还可以坐缆车观光车,4
能开车到园区内亲亲可爱的动物之外， 还能坐着全透明的空中缆车俯瞰园区哦， 这种近距离的体验，也是国内罕见啊！！！！！！！,5
孩子必去的景点。,5
不错   园区不大适合遛娃,5
很喜欢这个度假区，很全面的服务，而且很成熟的度假产品，很值得大家去逛逛体验一下,5
姐妹们！冲啊！真的超级超级好玩！,5
好久没玩了 有机会一定带孩子去,5
广州长隆度假区分别包括长隆野生动物世界，欢乐世界，水上乐园，飞鸟乐园，国际大剧院等。每一个园区都深受游人欢迎，最受欢迎的是野生动物世界，很多人去了又去。,5
长隆欢乐世界，项目多，乐趣足，在工作日去玩的话，排队时间也不长，一天刷完没问题，十环，跳楼机，大摆锤等惊险刺激，值得打卡挑战,5
风景超赞的，感觉很不错哦，取票也非常方便，携程订票也非常方便，以后还是要在携程订购旅行产品，品质有保障，赞！大大的好评！,5
有趣好玩，,5
总体超赞，景色不错，有趣好玩，性价比高，,5
南门入口人少好进。购买项目优先权很适合带孩子的家庭,5
【景色】美丽 【趣味】丰富 【性价比】高,5
亲近大自然，一次很好的体验。,5
感觉不错哦 非常的好啊！！！！,4
very good very very good,4
性价比高，总体超赞，有趣好玩，,5
广州长隆应该算是国内最大最好的乐园之一了，整体设施还是比较完善，可玩性也是比较不错的。动物世界也是比较丰富，也可自驾穿越。 略微比较遗憾的是感觉里面的餐厅略单调，可选择性少，没有珠海长隆那么多,5
周末带娃的好去处，全部都是小孩喜欢的,5
超赞的演出,5
气氛热烈，表演超赞,5
这个很好玩啊 非常适合亲子交流活动,5
主题乐园国内就他家最🐮，吃喝玩乐都在里面了，体验一流,5
垂直过山车真的太刺激了 上去之前我本来不怕的 实际垂直俯冲的时候 还是吓到我了 坚持把所有的过山车都坐了一遍 感觉整个人都不太好了,5
值得一去的地方！非常适合亲子！不过太小的孩子不太适合，没有兴趣，半大的孩子喜欢动物的孩子很适合，园区面积很大，得有好体力，尤其是爸爸！,4
没看过的值得一看，看过了的，千年不变！没看过节目还是很精彩！趣味性爆炸性都很好，有很多节目也都会让人热血沸腾，俄罗斯的美女非常养眼！帅哥身材倍棒！,4
没看过的看看还挺精彩的，看过了的说过节目千年不变～～,4
虽然小贵，但是很值得。可爱的动物伸手可触。,4
好好好好好好哈,5
都可以，就是有些项目没有开放，不要夏天去！晒脱皮了都快总体超赞，,5
挺好玩的地方,5
虽然在景区里面但是去那里都不是很方便 虽然有摆渡车 但是等得,4
大马戏值得看 很不错,5
非常棒的地方！完全出乎意料！性价比比野生动物园还要好！尤其适合小孩子去！不仅仅是飞鸟，还有其它，就不剧透了，还有适合孩子玩的地方，总之非常划算！,4
值得一去的地方！非常适合亲子！不过太小的孩子不太适合，没有兴趣，半大的孩子喜欢动物的孩子很适合，园区面积很大，得有好体力，尤其是爸爸！,4
没看过的值得一看，看过了的，千年不变！没看过节目还是很精彩！趣味性爆炸性都很好，有很多节目也都会让人热血沸腾，俄罗斯的美女非常养眼！帅哥身材倍棒！,4
没看过的看看还挺精彩的，看过了的说过节目千年不变～～,5
二日游还是蛮划算的，特别是假日门票价格奇高的情况下。两天两地，很畅快，时间也绰绰有余。人确实很多，但也挺热闹的，小孩子玩的很开心,5
一天都在过山车上。,5
一直想带孩子来广州长隆野生动物世界，果然是名不虚传，天气还不错，人也比假日少不少，排队坐了小火车，还有环游的缆车，体验非常不错。,5
广州长隆度假区，是全国有名的度假区，来这里游览季节的人是特别多的，景色也真的不错，游乐设施也比较安全。,5
景色不错，喜欢,5
总体超赞，,5
性价比高，,5
【景色】棒棒哒！真不错哦！！！！,5
很值得去，但需要好好安排一下旅游路线，因为实在是太大啦，我们最后玩到小火车的时候已经停开了，很遗憾 我只能等下次再去 ,5
有多个主题乐园，玩的非常尽兴。,4
能帮我查下我床的订单物流到哪里了吗,4
看过三次大马戏……时间相隔5年左右，却是同样的节目，丝毫没有创新……,3
总体超赞，买一等座,5
客房服务员linzeqian服务态度很好，帮忙协助搞了很多，真的非常感激。,5
很适合带孩子玩的地方，假期人太多排队时间太长了,5
有趣好玩，,5
有趣好玩，,5
【景色】棒棒哒！真不错哦！！！！,5
很值得去，但需要好好安排一下旅游路线，因为实在是太大啦，我们最后玩到小火车的时候已经停开了，很遗憾 我只能等下次再去 ,5
有多个主题乐园，玩的非常尽兴。,4
非常值得看,5
很适合带孩子来度假，亲近大自然。,5
这么近距离接触动物是第一次，可以摸摸抱抱，很新奇，太有趣了。,5
特别好玩一路上很多卖雨衣的 如果不玩激流勇进的话真的没必要买～如果玩的话建议自带奥 所有项目尽量不要放假的时候去玩 最好工作日去玩 排队人少 最后祝大家玩得开心奥,5
二次看了 还是很震撼。非常不错 ,5
还可以，差不多10个人一起去的,4
长隆大马戏表演非常精彩，超过期待值。VIP位真正的VIP，演员就在眼前表演，很震撼。,5
超级值得推荐，生动有趣，精彩绝伦，光，声，影视觉效果非常好，互动也很搞笑有趣好玩，性价比高，,5
公园非常大，一天肯定玩不完，需要住两晚,5
可玩性低，有待改进，性价比低，景色一般，排队几个小时需要，还是站着的那种，好多项目都没有开，开的排队几个小时需要，去玩什么。全部都是团，一个团排队排完之后，反正就是******,1
很不错，还有适合小龄儿童的区域不管大小还还是小娃都可以玩,5
孩子很喜欢,5
不错，喜欢刺激项目的可以玩一整天,5
带小孩去的，还不错,5
值得带小朋友去看看,5
能够同时看到大而多样的动物，感觉很好。走错路，别无他途。缺乏职员的理解和介绍。,4
玩的非常开心，下次还想去,5
玩的非常开心，下次还想去有趣好玩，,5
春节期间跟朋友去欢乐世界玩了一趟，因为疫情人不是很多，感觉没多大特色，全国游乐场游乐设施感觉大同小异都差不多，晚上一场大马戏好看虽是好看，不过在其他地方也已经看过好几遍了，也是大同小异差不多。,5
可玩性低，有待改进，性价比低，景色一般，排队几个小时需要，还是站着的那种，好多项目都没有开，开的排队几个小时需要，去玩什么。全部都是团，一个团排队排完之后，反正就是******,1
很不错，还有适合小龄儿童的区域不管大小还还是小娃都可以玩,5
总体超赞，有趣好玩，,5
u型滑板很刺激,5
非常不错啊,5
景色不错，有趣好玩，性价比高，总体超赞，,5
好，玩的非常满意，小家伙很喜欢看动物。总体超赞，有趣好玩，性价比高，好。,5
长隆海洋度假区，是我去过最好玩最有趣的一个游乐场。里边是有“游乐设施、海洋馆”两大部分组成。尤其海洋馆，感觉进到里边仿佛自己在潜水一样，身临其境,5
有趣好玩，总体超赞，尤其是马戏表演太震撼了，演员和观众互动，好看，让人兴奋不已，我买的是VIP 座位，看的太舒服了，值得一看。,5
价格优惠，小朋友玩得开心。,5
好，值得带小朋友玩。,5
要避开节假日去，如果是大型节假日的话，就是排队排队在排队，但是挺好玩的。,4
喜欢去游乐园玩对于我这种喜欢刺激的人来说是必须打卡的地方，过山车，跳楼机这些都是必玩项目，非常有意思。就是人非常多尤其是节假日的时候，都是要排队，不过欢乐世界就是要人多才好玩，才会放飞自我。就是,5
动物园挺大的，动物也很多。可以免费乘坐小火车，缆车，也可以自驾进入动物园。也有不足的地方，景区人多的时候，游客中午打好饭没有用餐的桌子，端着饭到处找都找不到地方用餐，希望以后可以改善下。,5
交通方便，演员全身心投入，演出相当精彩，给五星好评。,5
赞，值得再去，溜娃带老人家的好地方,5
还算可以呀。,5
适合年轻人和孩子玩的地方，价格贵,4
总体超赞，,5
价格优惠，小朋友玩得开心。,5
好，值得带小朋友玩。,5
好玩，一天时间刚刚好。,5
景色不错，,5
感觉还不错呀 蛮好的 非常有趣,5
不错，适合孩子玩,5
抓住假期的小尾巴去了，当天买票当天去，人不是很多，基本排队15分钟就可以玩了。总体超赞，,5
广州长隆野生动物园规模很大，缆车，小火车，带我们游客游览公园的每一个地方，真的很好。,5
十年后故地重游，孩子们长大了，动物园的乐趣更多了一些了解。有趣好玩，总体超赞，,5
有趣好玩，总体超赞，景色不错，性价比高，,5
总体超赞，很不错！！这次去很少人！！玩了很多很多娱乐设施！！非常快乐！！ 性价比高， 景色不错， 非常好玩！！跳楼机和滚筒洗衣机都玩了一个遍，非常的不错！！,5
很不错！！这次去很少人！！玩了很多很多娱乐设施！！非常快乐！！性价比高，景色不错，非常好玩！！跳楼机和滚筒洗衣机都玩了一个遍，非常的不错！！,5
好玩，一天时间刚刚好。,5
景色不错，,5
感觉还不错呀 蛮好的 非常有趣,5
不错，适合孩子玩,5
两年前看过，有些节目，有点调整，整体讲，对得起价格，但是没有感觉到物超所值！ 灯光，舞台还行，但是没有太惊艳,4
总体超赞，有趣好玩，性价比高，景色不错，很开心的一天，儿子很喜欢，老公也玩了很多刺激项目！,5
总体超赞，景色不错，园区品质很高，各环节服务也很棒！就是一天时间不够，下次再来。,5
任何时候园区内消费都很贵很贵。,1
非常好玩，动物种类多，地方很大，也能比较近距离接触动物，推荐有趣好玩，,5
正月初四去，交通便利地铁直达还有大巴接驳南门，很方便。假期人还是很多的，动物园嘛 期待不要太太太高，除了小火车可以穿越野生区比较特别其他的就也还好，也没啥稀奇动物。景区内食物超级贵是外面的三四倍吧，但是景区内基本上晒不到太阳，很多景点植物茂密能遮住大部分阳光，所以不会太晒。规划好路线，坐了两次缆车，排队半小时基本上。,4
性价比一般，里面还有些隐性消费，大半天基本能游玩重点。,4
春节人不算多，大半天基本都玩够。,4
有趣好玩，景色不错，总体超赞，缆车很稳很安全，都是私人团。过年过节的三个人也让单包一个八人位缆车包厢,5
景色不错，有趣好玩，总体超赞，免费缆车🚠和小火车 其实很划算了,5
挺好玩的，服务也好，排队时间也不太长,5
出现了一段不愉快的插曲，检票员刷我的票却让别人进去了，折腾了半个小时的时间还要我先付担保费才让进场，最后只有一句抱歉！长隆的服务也不过如此！失望,4
现在没有动物表演的杂技了,4
大马戏非常值得一看，第二次观看，虽然没有几年前动物表演那么多，但依旧很震撼[调皮]，依旧是看过的所有马戏和杂技最棒的！！,5
太方便了，👍,5
正月初四去，交通便利地铁直达还有大巴接驳南门，很方便。假期人还是很多的，动物园嘛 期待不要太太太高，除了小火车可以穿越野生区比较特别其他的就也还好，也没啥稀奇动物。景区内食物超级贵是外面的三四倍吧，但是景区内基本上晒不到太阳，很多景点植物茂密能遮住大部分阳光，所以不会太晒。规划好路线，坐了两次缆车，排队半小时基本上。,4
性价比低，,3
还行吧 上午九点半逛到下午五点半,4
不会再去了，景色一般，可玩性低，有待改进，,1
有趣好玩，性价比高，多次游玩 ，还是很多角落处没玩过啊！缆车和火车游都很好,5
亲子游还是值得来的,4
亲子游还是值得来的,4
因为带着一个4岁的孩子，所以进园后特意在全区购买了快速手环，总数花费400元，但是在碰碰车这个项目，等待了将近30分钟不给优先进去，多次询问服务员杨慧敏，被告知是因为什么卡片派完了，一开始我们也没有说什么，但是接下来的20分钟，服务员多次让没有手环的游客进场，也不肯让我们进去，原因是因为她多次忘记给我们发他们所谓的牌子，我们一路游玩下来，就算是排队人更多的过山车用快速手环也都是很快可以坐上，只有碰碰车这里，比我们后来的没有手环的游客都已经坐上了，我们佩戴手环的却还没有让进去，一直推脱说下一趟，相关领导可以调监控查看我所陈述时间是否属实，你们快速手环收费项目可以把碰碰车取消，严重欺骗消费者，因为我老公为了陪孩子才花了100块专门买的陪同孩子的套餐D，他恐高，不坐过山车，我自己购买的是250元的，但是这100元基本上是没有用的，其他项目不用排队，碰碰车又不给进,1
多了不少春节元素，推荐亚洲餐厅海南鸡饭，停车场不友好。,4
广州相对比较好玩的景区了，就是门票挺贵的。,5
不错，很大，玩的很开心，就是太累了,5
景区很小，小朋友玩的一般般，令人严重不满的是不让带食物，餐厅食品新鲜度还不够，有种怪味，还死贵，点3个东西花了100多，回来急性肠胃炎，拿药花的比餐费和景区门票还多！！！血的教训，不要随便在景区吃东西！,3
之前来过两回，这次多了缆车，但是工作日缆车都是单向没能做回头。机动游戏，4D电影完美错过，4点多几分钟就没了。动物一般般多，感觉海洋公园还好玩些，性价比不高,3
动物园趣味性强，小火车，缆车都可以免费乘坐。还有很多可观看的表演，大讲堂。动物园导览图需要改进，标识，表演时间，地点等可参考香港迪士尼乐园的指引图！园区内，酒店和景区的穿梭巴少，也没有专门的工作人员指引！,3
熊猫酒店服务态度很好，房间偏小，整个景区各大园吃东西偏贵，酒店往返各大景区的穿梭巴不多，时间长，没有工作人员指引！大马戏好看，动物园增加了很多项目，值得带孩子去玩耍科普！度假的感受相比港澳的度假区，还有待改进,3
好评性价比高，,5
动物很多，一天逛下来腿软啊，还是很不错的,5
广州长隆度假区有很多值得一去的地方，熊猫酒店、野生动物世界，还要强烈推荐国际大马戏，实在是太精彩了！全球实景式马戏舞台、数千万巨资打造的尖端舞美科技、数亿巨资建造的全世界最大的马戏表演场、能容纳近7000名观众同时观看的超大容量。国际化演艺团队、来自20多个国家横跨亚、欧、美、非洲共300余名马戏精英、40余种500多只珍奇动物同台献技。一定要看一次！不虚此行！,5
广州长隆度假区真的非常棒！不要说小孩子，像我这样没几年就可以退休的人都很喜欢。两年前来过长隆野生动物世界，就觉得好喜欢，老幼皆宜。这次和朋友来长隆欢乐世界走走，各种娱乐项目不太适合爱静的我，大巡游还是不错的，晚上的马戏表演也非常推荐。参观了欢乐世界对面的熊猫酒店，非常有特色，适合带小朋友们来开心一下。酒店的吉祥物是长隆出生的三胞胎熊猫萌萌、帅帅、酷酷。以它们的名字命名的房间风格各不相同。,5
广州相对比较好玩的景区了，就是门票挺贵的。,5
不错，很大，玩的很开心，就是太累了,5
环境超棒，里面没有多余消费的。缆车都是免费,5
广州市长隆旅游度假区，位于广东省广州市番禺区汉溪大道东与长隆地铁大道交汇处，创立于1989年。是综合性主题旅游度假区，总占地面积1万亩，集旅游景区、酒店餐饮、娱乐休闲于一体，拥有长隆欢乐世界、长隆国际大马戏、长隆野生动物世界、长隆水上乐园、广州鳄鱼公园、长隆酒店、香江酒店、长隆高尔夫练习中心和香江酒家等设施。,5
休闲娱乐的好去处，放松心情，很美的享受。,5
作为广州5a级的旅游景点 还是非常的不错有特色的，动物园 游乐园水上乐园还是非常有资源和特色的，度假休闲带娃的好去处了特别有意思，,3
景色不错，有趣好玩，性价比高，总体超赞，,5
总体超赞，景色不错，有趣好玩，性价比高，,5
性价比高，有趣好玩，景色不错，总体超赞，,5
人少体验好,4
总体超赞，。。。。。。。。。。。。。。。。。。。。。。。。。。。。。。。？？。。。。。。。。。。。。。。。。。。。。。。。。,5
不错，刷身份证直接可以入园，很好玩，下次再来。。。。。。。。。。。。。。。。。。。。。。。。。。。。。。。。。。。。。。。。。,5
广州长隆的度假区一定必须得是五星好评，因为这里的服务从上到下都是特别特别的好，虽然价钱稍微有些贵，但是物有所值。嗯，平时你玩儿的这里边都有。,5
价格实惠，就是活动时间有限,4
价格便宜的批爆，就是数量太少了,4
总体超赞，,5
长隆度假区位于广州南部，占地面积非常大。度假区内有两个酒店。熊猫酒店比较新，适合小朋友玩。度假区内还有野生动物园和大马戏，但是价格比较贵，性价比低。,5
长隆，一个值得小盆友去玩的地方。,4
演出非常棒,5
不错值得购买,5
景区非常大，环境布置的非常好，鸟语花香，空气清新，犹如到了世外桃源，我们从南门进的，先看了熊猫又到附近转转，人太多了，排缆车就要1个多小时，这还是平时，周末简直不敢想象。吃了午饭后再去缆车人就少多了，建议一开始先四处转转，中午人少时再做缆车和小火车，比较节省时间。,5
不错，刷身份证直接可以入园，很好玩，下次再来。。。。。。。。。。。。。。。。。。。。。。。。。。。。。。。。。。。。。。。。。,5
很好玩很精彩特别是带小孩去总体超赞，性价比高，有趣好玩，景色不错，,5
跨年夜去的，非常嗨，感觉很不错👍下次有活动会继续去的,5
有趣好玩，总体超赞，,5
很充实的一天,5
还可以，就是建议不要节假日出来，人太多,5
一连串玩的地方，啥时候上海也有这种集玩乐休闲刺激一体的度假区啊,4
总体超赞，景色不错，有趣好玩，性价比高，整体感觉不错，价位适中。,5
总体超赞，,5
没两年前丰富了，之前路边都有好多小鸟和跑来跑去的猴子，不知道是不是天冷还是动物少了,4
总体超赞，景色不错，性价比高，有趣好玩，,5
性价比高，有趣好玩，景色不错，总体超赞，,5
比较满意，就是最近天气太冷了，尤其是玩过山车，风超级大...吹的人超级冷，冷爆了。而且玩这些过山车类的刺激项目还不允许带围巾，更是冷飕飕,4
非常值得去，人少，环境好！,5
广州长隆，吃喝玩乐一体，应有尽有。,3
双十一购票还是蛮划算的，入住的长隆酒店，开始住的那边没有电梯，升级了房间新装修的这边环境还是不错的，早餐在白虎餐厅，吃的很不错还可以一边看老虎一边吃早餐，从来没想过的场景很特别😂！游玩了欢乐世界特意选择了周一人比较少的时间！真好都没有排很久队，唯一不足是天气稍微冷了一点点，动物乐园最吸引我的是考拉🐨！这个小家伙真的太可爱太萌了！如果不是保护动物真想拥有它！蜘蛛猴的尾巴很厉害👍，也第一次见到了大象是怎么哺乳的！❤️还有拿到跳水健将称号的老虎！虽然很多动物以前在其他动物园也见过但是在长隆确实感觉不太一样！环境氛围都很好！最值得一提的那肯定是大马戏了，确实是特色之处别开生面 各种表演都牵动着观众的目光！叹为观止！酒店里的服务人员也是尽其所能帮助我们完成各种所需！装扮成卡通人物的工作人员也是无论何时都充满活力！感谢长隆园区与酒店的所有工作人员们辛苦了！希望下次再有机会与你们相聚！😍😍😍😍😍,5
小火车很有意思，儿子很开心,5
工作日去，很空，不需要排队，氛围还不错！,5
总体超赞，有趣好玩，景色不错，性价比高，,5
吃喝玩乐，应有尽有，过来度个假，住上一礼拜，每天可以有不同的项目去挖，还是挺丰富的，吃住都在这里，也不用到处乱跑，玩起来也不累,5
去长隆必玩垂直过山车和十环过山车🎢,5
性价比高，有趣好玩，景色不错，总体超赞，,5
比较满意，就是最近天气太冷了，尤其是玩过山车，风超级大...吹的人超级冷，冷爆了。而且玩这些过山车类的刺激项目还不允许带围巾，更是冷飕飕,4
非常值得去，人少，环境好！,5
广州长隆，吃喝玩乐一体，应有尽有。,3
不是节假日去玩 不用排队 超爽 玩的停不下来 high🤗,5
地理位置不错，交通也很方便，度假的好地方。。,5
非常漂亮的地方啊，孩子们也非常喜欢，不错不错,5
景色不错，总体超赞，性价比高，有趣好玩， 非常好玩！！！！！！！！！！！！！！！ 跟朋友一起去的，周二人不多，12点入园，4点半出园,5
去年来到广州长隆野生动物园体验很好，长隆旗下酒店有快捷通道，今年带孩子复刷动物园，发现没有了快捷通道，需要自行购买，单次快捷票（50元/人）或者快捷手环（150元/人）酒店用户可以半价购买，这个时节，全是学校组织的小朋友来动物园玩的，实在是人太多了，小火车我们与同学一起座，耳朵要被震暴，哈哈。因为疫情原因，只开放了三个游乐设施，还有一些区域的动物变少了，老虎区没有了投喂，长颈鹿还是可以投喂。整体感觉还是很好，如果没来过值得去看看！,5
这个动物园里蛇的种类最多了，这是我在别的动物园没看到过的。包括北京野生动物园，上海野生动物园都没看到这些蛇🐍!第二:实际上坐空中缆车并没有看到多少东西，实际上我还是建议进去以后多坐俩次小火车感觉会再好不过了，不过人多的时候得排队，一些人不喜欢排太长对伍。第三:能看到澳洲国宝-考拉，这是最高兴的!非常可爱的!所以，以上三点以及考拉我在北京和上海也没有见到，广州长隆野生动物世界是一定要来的!,4
高大上的游乐场，适合年轻人和儿童玩耍,4
哇真是太漂亮了，好地方啊！很喜欢,5
动物园还是小朋友很喜欢的地方，家庭一起去也能跟小朋友一起玩，还是挺合适的。交通还是比较方便的，建议开车去会比较方便，毕竟一家人出行,5
天气晴朗的时候带着家人一起去溜达溜达非常棒的选择,5
特别喜欢这里 不过一定要非节假日 非寒暑假过来 我就是11月的一个周四来的 排队的人都很多 我觉得两天比较合适 一天全部转完太累了 当然了 如果不停留 时间肯定够 万一哪个小动物可爱了一下 就不自觉的停留半天 时间都耽误在这儿了 熊猫乐园可以坐缆车 环线是转一圈 到天鹅湖站是换小火车 住酒店一般是赠双日票 熊猫酒店感觉小孩子多 我住的长隆 房间设施一般 环境好 还有白虎餐厅和火烈鸟餐厅,5
非常非常开心的体验，下着小雨更有穿梭雨林的感觉，环境美空气好，动物们也很活泼健康。坐小火车的时候被各种动物围观，缆车鸟瞰天鹅湖特别美，整个园区转下来真的要一天的时间，非常值得再次来玩。,5
包括长隆欢乐世界、水上乐园、野生动物世界、国际马戏大剧院、飞鸟乐园等五大景区。,5
有趣好玩，总体超赞，性价比高，景色不错，,4
适合带孩子去的地方，能增加不少见识,5
这个动物园里蛇的种类最多了，这是我在别的动物园没看到过的。包括北京野生动物园，上海野生动物园都没看到这些蛇🐍!第二:实际上坐空中缆车并没有看到多少东西，实际上我还是建议进去以后多坐俩次小火车感觉会再好不过了，不过人多的时候得排队，一些人不喜欢排太长对伍。第三:能看到澳洲国宝-考拉，这是最高兴的!非常可爱的!所以，以上三点以及考拉我在北京和上海也没有见到，广州长隆野生动物世界是一定要来的!,4
高大上的游乐场，适合年轻人和儿童玩耍,5
儿子钦点的度假区，呆了5天，玩好吃好喝好住好，很开心。,5
特别美好的一天。真的是太好玩了,4
广州市长隆度假区真是太好玩了，度假区又大又方便了，美景美食，真是好玩。,5
广州一年四季都有花开，所以无论何时都等朋友去广州长隆度假区玩玩，喜欢,5
感谢携程创造了这么好的购票平台，让广大大用户体会到的网络的便利性，大大提高了出行的便捷性，景点很棒，值得推荐给大家！！！,5
景色不错，体验很好，,5
方便快捷，性价比高,5
方便快捷，性价比高,5
方便快捷，性价比高,5
长隆很好玩哦，就是三号线太挤了哈哈哈哈哈，景点非常非常不错！,5
景色不错，,5
长隆超级好玩哦，很多游乐设施，玩起来也很过瘾～,5
国庆的长隆好多人啊，不过丝毫不影响我的快乐，非常推荐哦！,5
四天去了三个园区，欢乐世界、水上乐园、动物园，前两个买了快速通道节省了很多时间，动物园就是一直走走看看，小火车大概20min全程开完,5
不得不说，广州长隆动物园的规划很人性化，几步一个垃圾桶，几步一个厕所，几步一个洗手池，一段距离就有美食餐厅，特别方便，路线也都提前规划好了，完全不用担心走回头路。,5
景色不错，体验很好，,5
方便快捷，性价比高,5
方便快捷，性价比高,5
方便快捷，性价比高,5
方便快捷，性价比高,5
体验很好，,5
东方之龙🐲，未来可期✨,5
非常愉快的一次出行,5
来广州一定要来的地方之一，就是长隆野生动物世界，非常好玩，值得一来，跟预期差不多，天然氧吧，南方的特色植物非常茂密，动物们也都很会摆pos，几乎所有动物都可以近距离观看，值得一来,5
好玩！逛了七个小时，脚都要废了，还有很多地方都没有逛完，又大又有趣，下次还来,5
好看 值得一看,5
有趣好玩，,4
一级棒 特别是孩子,5
体验很好，,5
方便快捷，性价比高,5
来广州长隆度假区，正好赶上“广州世界嘉年华”超级演艺主题活动，上百名中外顶尖杂技艺术家、舞蹈家参与彩车巡游表演，很不错！！！,4
对于情侣来说趣味不足，不够新奇，动物也少了很多，还有都不准带吃的进去，搞笑了，别人迪士尼都能带吃的，我带吃的被劝退，结果我进去还看到有人私带了一堆零食,4
有趣好玩，,5
值得推荐，体验很好，有趣好玩，,5
这里性价比不高，真不值得再去，入住酒店非常麻烦，特别是连景区门票的，要天天对指纹，去玩一天办理酒店入住花三个小时，又要排长队去票务取票，关键一人排队不行要求全家排队按指纹！什么年代如此落后，在入住酒店点菜吃饭，连开水没有还要收一人十伍的茶位费,1
有趣好玩，景色不错，体验很好，值得推荐，,4
有趣好玩，景色不错，体验很好，值得推荐，,4
广州的长隆来几次都不会腻的体验很好，,5
已经点评一次，价格贵，做好不要去,5
高大上的儿童游乐区，价格略贵啊,4
有趣好玩，景色不错，,4
有趣好玩，景色不错，,4
值得推荐，体验很好，有趣好玩，,5
有趣好玩，值得推荐，,4
景点一般，票多买也不能退，疫情期间也不考虑一下别人，差评，以后也不打算用携程了，毕竟是用了十年的老客户，虽然舍不得,1
体验很好，景色不错，值得推荐，有趣好玩，,5
【景色】超棒的，景区好大走的累 【趣味】老人挺喜欢的 【性价比】高,5
这还好，水上乐园是真不行，还有人偷拖鞋，我呵呵了,3
网上买票很方便，价格也优惠一些，直接在酒店自助打印机上取票就可以,5
高大上的儿童游乐区，价格略贵啊,4
有趣好玩，景色不错，,4
有趣好玩，景色不错，,4
值得推荐，体验很好，有趣好玩，,5
有趣好玩，值得推荐，,4
值得推荐，,4
相比上海野生动物园，宁波雅戈尔动物园，长隆野生动物园更大，体验更好，节目表演专业，精彩，晚上再看个国际大马戏。广州长隆去珠海长隆也很方便，预算够的话，一定要住企鹅酒店，熊猫酒店,5
度假区很完美，就是餐厅饭菜难吃还很贵！,5
动物园太好玩了，玩得好开心，近距离接触动物太治愈了，下次有机会还会再来！,5
长隆度假区在这个暑假看起来人气还是不算太高，从地铁站下车的人流量来看就明显能出来。老人都是去玩水上世界的比较多。对于鸟乐园还有动物园的人就相对比较少了,5
很喜欢缆车，坐着很爽,5
超值 非常好，大马戏真的特别好看，必须看，服务态度也是一级棒体验很好，有趣好玩，景色不错，值得推荐，,5
体验很好，有趣好玩，景色不错，值得推荐，注意防晒,5
带孩子玩了妥妥一天，认识了好多可爱的先动物大动物园们，闺女适合妥妥滴熊猫迷妹，被孩子们的开心感染者，每天动力满满，继续high起,5
值得推荐，景色不错，体验很好，有趣好玩，,5
长隆度假区包括了酒店，欢乐世界，野生动物世界，水上世界，国际大马戏和飞鸟乐园，在广州非常出名，很多人慕名而来，欢乐世界最出名的十环过山车，和垂直过山车，很刺激啊,5
特别适合带着孩子，很喜欢。还要再刷一次。,5
动物挺多的，游玩项目很多，很有意思,3
体验很好，有趣好玩，,4
很好，就是人多,5
值得去一次,5
景色不错，值得推荐，,5
幸好赶在疫情开始前游玩了。,4
体验很好，,5
幸福、快乐在长隆，欢迎大家来长隆旅游,5
景色不错，,5
一家四口，住在熊猫酒店，二楼直接过去水上乐园和大马戏，很方便，,5
来自哈萨克斯坦的马术世家，带着骏驰的马儿率先登场。由10位马术表演专家组成的团队，曾获2000年吴桥杂技艺术节银狮奖；2007年阿斯塔纳总统杯大奖赛金奖；2013年第一届中国国际马戏节金奖。表演结合传统竞赛马术动作单障碍、快步等连串动作，在曲线骑乘中完成马背跳绳、马背双人骑乘、双马站骑等系列。,5
华贵的服饰、华美的音乐与华丽的台桌营造出别致的西域风情；来自俄罗斯的男演员身穿印度风服饰缓缓走进，特制道具让单手倒立可以旋转自如，像八音盒里永不停演的艺术家。时而倒立旋转并保持直立，时而左右单手交换倒立。,5
还挺好玩的,5
有趣好玩，值得推荐，景色不错，,5
景色不错，值得推荐，有趣好玩，,5
体验很好，值得推荐，有趣好玩，景色不错，,5
体验很好，有趣好玩，值得推荐，,5
玩的内容比较丰富，餐饮稍贵，其它都好,4
。很好，进去开车可以，不错的还是,5
体验很好，值得推荐，有趣好玩，景色不错，,5
体验很好，值得推荐，景色不错，有趣好玩，,5
有趣好玩，体验很好，,5
有趣好玩，值得推荐，体验很好，,5
有趣好玩，值得推荐，景色不错，,5
长隆旅游度假区景色不错，非常适合带小朋友来玩，有特色的景点之一，不错的选择，趣味性强，小动物很可爱，值得推荐给大家，棒棒的。,5
吉尼斯世界纪录保持者在观众1米之内零距离演绎高空大飞轮，尖叫不 空中飞人 各种各样的空中飞人花式炫技，惊险刺激，哥伦比亚舞蹈。,5
长隆绝对是亲子旅游的最佳选择，非常好玩，动物多，景区漂亮，很多配套设施非常棒，再有些优惠就更好了！ 等假日还会继续选择这里,5
非常好，值得推荐！,5
房间特色，美观有个性,5
不错的地方，开发和宣传包装都很单位，第三次前往，值得推荐！,5
非常好，动物好活泼，而且种类好多，每种还好几只，然后考拉还有一代二代三代，超级可爱，还以为是雕塑结果是活的，它们真的太懒啦,5
非常棒！感觉会再去的一个景点。走一段路就有缆车，游览完全不会累，排队的话虽然在室外，每隔一段路就有喷洒凉水和超大风扇，确实还是对得起票价的。因为淡季去呢没有排很久的队。然后坐小火车去野生动物园区，超近距离接触，当然也可以开私家车或者包车进去，就可以停下拍照，还有喂大象之类的活动，总之是非常对得起这个票价的啦！,4
喜欢机动游戏的不能错过啦，除了贵点，其他都不错,4
知道长隆主要还是通过电视综艺节目，然后知道很多同事假期都会带小朋友去，而且无不是尽兴而归。非常开心能够得到全国人民的厚爱。,5
挺好得值得旅行,5
玩了三天，沒全玩完，有机会可再去一次,5
长隆旅游度假区也是当地很著名的景区之一，它包含欢乐世界，大马戏城，动物世界，水上乐园，酒店，高尔夫练习中心等，娱乐项目丰富，吃住一体。,4
各方面都做得几好。就是人太多了，服务也不错，推荐去的地方,4
***,5
亲子旅行，我和宝贝玩得很开心,5
我买的联票，便宜点，时间安排的充足还是可以的，两地之间有免费巴士很nice我们都超级喜欢晚上那场的,5
1月份去的 等病情好了还是值得再去一次,4
喜欢机动游戏的不能错过啦，除了贵点，其他都不错,4
知道长隆主要还是通过电视综艺节目，然后知道很多同事假期都会带小朋友去，而且无不是尽兴而归。非常开心能够得到全国人民的厚爱。,3
适合带儿童去玩，孩子玩的很开心,5
来广州，除了美食以外，长隆旅游度假区是一定要待上几天的。这里因为拍摄了一些综艺节目而出名，但我倒是觉得是因为它太出名了，才吸引了各种综艺节目来拍摄。这里的动物园全国最棒，马戏表演精彩绝伦，水上世界清凉消暑。。。每个园区都够玩一两天的。配套设施也很完善，就是东西有点贵呀。,5
地方大，可玩儿的多，价格有点贵，性价比不是太高,4
难得一次母女俩去玩，真好。以后工作再忙也不要忘了还有更好玩的地方还没去呢！,5
这次旅游真好玩啊！真是太精彩的节目了。,5
好 挺好 方便,5
好 挺好 方便,5
网上订票取票方便,5
奇幻的马戏，真奇幻。非常让人震撼，是我看过的最炫的,5
长隆野生动物园还是很值得带小朋友一去的。不光动物齐全，而且园内布置得也相当精致，独具一格。坐着小火车，与野生动物们打招呼，看他们自由走动，比起笼子里看的更加有意思。而且那里的动物也普遍健康、茁壮。四条白豚也非常可爱聪明！,5
广州长隆度假区里，有两个酒店，还有动物园，游乐场，水世界。冬天来气候宜人，除了水世界不能玩耍，其他几个公园都能去。长隆酒店内部，也很好玩，有白虎。,5
长隆度假区非常不错，什么东西都有，带孩子不错地方,5
长隆适合带小孩子去玩，但是感觉景区间的大巴或摆渡车太少了，特别是动物园，这么大，里面居然没有摆渡车。欢乐世界里的娱乐项目挺好,5
长隆适合带小孩子去玩，但是感觉景区间的大巴或摆渡车太少了，特别是动物园，这么大，里面居然没有摆渡车。,5
野生动物园中规中矩，缆车还是挺方便的。大马戏非常精彩，必须要给***好评。下次还得去看，买VIP票,5
还可以吧，人不是特别多。园区内的饮食也不是很贵。有些设施没有开，演出也有点无聊有点乱，但是整体还不错。推荐十环过山车和自由落体,4
很满意的一次旅行,5
想念大广州了，特别的想念。谢谢分享,5
整个大马戏没有虐待动物的表演，必须点个赞，演员基本来自俄罗斯乌克兰，也有非洲的，真的很不错。,5
很好，讲得很具体，不错啊！,5
过山车超级刺激，第一次玩，除了十环过山车全都玩了一遍，后面都麻木了哈哈,5
环境不错，就是贵！！！！！！！,4
很开心，很刺激,5
明明定了两张票，结果到门口说是不行,1
玩不够的长隆游乐场，动物园，带孩子来的，果然名不虚传，以后还会再来的，因为长隆爱上了广州。,5
里面很多需要二次收费，国人的套路还是很深的，总的来说性价比不如迪士尼,4
***,5
想念大广州了，特别的想念。谢谢分享,5
挺好的，人超级多，位置比较偏，只有自己去找位置，可以的话还是要找点儿去，定了长隆酒店的，也有酒店的位置，但是也要去早点儿,4
大马戏很精彩，没有拍照，但是绝对推荐，买一等座就能看很精彩啦。VIP座位推荐2区不要选最靠近舞台的一区，水花四溅太可怜了哈哈。,5
我果然还是最喜欢哺乳动物， 哺乳动物里更喜欢猫科动物， 不过停留看得最久却没拍照的是花果山， 很多很多的猴宝宝太萌了。,5
飞鸟园还是推荐一游的。 出乎意料有意思， 虽然位置有点偏僻， 但是空气很清新， 居然看到鳄鱼表演， 还有河马和龟。,5
飞鸟园还是推荐一游的。 出乎意料有意思， 虽然位置有点偏僻， 但是空气很清新， 居然看到鳄鱼表演， 还有河马和龟。,5
长隆野生动物园，孩子在广告上看见之后就一直要来，放假了就赶紧来了，还好人不多。里边好大，有坐车浏览的野生动物区域，还有步行和缆车浏览的区域，孩子非常喜欢,5
长隆国际大马戏，真的是非常好看，孩子特别喜欢，没有看够。演员们表演都非常出色，尤其是摩托车表演，六辆摩托车在一个狭小的空间里还能骑那么快，肯定是多年的努力。,5
联票很合适，能省不少钱。用着也特别方便，好像是需要录指纹，第一个景点用完第二个景点还能用，推荐给大家，跟普通的票是一样的,5
还行吧，互动的游戏太少了,3
挺好的，人超级多，位置比较偏，只有自己去找位置，可以的话还是要找点儿去，定了长隆酒店的，也有酒店的位置，但是也要去早点儿,4
挺好的，人超级多，位置比较偏，只有自己去找位置，可以的话还是要找点儿去，定了长隆酒店的，也有酒店的位置，但是也要去早点儿,5
挺好的，人超级多，位置比较偏，只有自己去找位置，可以的话还是要找点儿去，定了长隆酒店的，也有酒店的位置，但是也要去早点儿,4
周五且寒假旅行大部队没到达， 园内游人不多， 除了水上项目排队20分钟左右， 其它项目基本排队几分钟， 所有表演看个遍，游玩项目玩了个够。 非常开心的一天，特别合适亲子游！,5
带孩子来玩，确实不错，小朋友很喜欢。,5
周内去玩，人不多，不用排长队，不错。有些喜欢项目可以玩几次。有3个玩水项目，大人孩子都很喜欢，一整天玩下来连午饭都不想吃，光顾玩了。,4
比迪斯尼棒多了,5
大马戏非常值得看，如果看过别的地方的了，那就不是必须要看，因为都是大同小异得，大马戏孩子大人看得都很过瘾，挺精彩的,5
不错不错不错,5
到广州，必打卡，大马戏绝对值得一看,5
玩的特多，很嗨,5
挺不错的一次旅行,5
好累(´;︵;`)腿已经不是我自己的了，刺激！ 小朋友头天晚上睡不着，激动的早上五点才睡。我的天啦，就是人好多，每个刺激的游戏都要排很长很久的队。早上十一点到的，晚上七点回的。下午和晚上人更多。,5
很不错。很值得带孩子去。飞鸟乐园，野生动物园的考拉白虎大熊猫，还有马戏,5
很不错。很值得带孩子去。飞鸟乐园，野生动物园的考拉白虎大熊猫，还有马戏,5
很不错。很值得带孩子去。,5
很好，很方便,5
说起广州的旅游，不得不提的一个旅游区 那就是长隆了[色] 这里面旅游项目众多，欢乐世界、动物世界、马戏团、飞鸟乐园，各种项目应有尽有。 2020跨年去哪里？ 长隆世界欢迎你 这里绝对是一个老少皆宜的跨年场地 度假区自然也是有跨年活动的 推荐理由：这里不仅是众多综艺节目的拍摄取景地，而且本身乐趣众多，不管是带小孩、还是到仙女还是带老人，各种年龄段都能找到合适的地方。 玩法：如果打算每一个乐园都玩一遍的话，建议在这附近多住几天哦，长隆景区周围住宿比较多、比较完善； 如果是周末前往，注意分流，人流量多；工作日相对少一些，排队也会少； 从地理位置上来说，欢乐世界、马戏团、动物世界、飞鸟乐园，这样一步一步的发展参观还不错。 地址：番禺区长隆旅游度假区 交通：地铁汉溪长隆站E口 门票：¥250.00起步每一个景区价格都不一样。,4
哈哈**************************************************************************************************************哈哈,5
很开心，大朋友小朋友都很喜欢,5
在携程订票很方便！还有优惠哦,5
***,5
一体化的游乐园，吃喝玩乐都有，适合带小朋友度假，非常喜欢这次的旅行。,5
感觉没有以前好玩儿了 也不知道是不是天气原因 动物们不是很活泼,4
可以领电子票入园 挺方便,5
长隆真的值得去看的，联票可以游玩两天，如果赶在一天行程会比较紧，建议分开游玩，看的很仔细的，适合亲子游，非旺季不需要排队.,5
订好票，直接去自助取很方便，不是旅游旺季，人也很少，排队很快就能到我们，拍照也终于不再是大合影了,5
很大，建议提前规划好，要不一天走不完,5
很方便，孩子很喜欢~,5
是个好地方 有很多不同主题的游乐园 可以在里面呆很久 就是票价略贵,5
联票方便快捷，节目精彩孩子很喜欢,5
这个我去了，我住的是花园什么的房间，离老虎院那不远，吃的还挺，马戏团挺好看的，好多小 动物怎么那么听话呢，希望不要训练他们时候不要太严厉，不要伤害他们,5
可以 好玩的,5
很划算，冬天去人也不多,5
【趣味】带孩子来是比较理想的场所，好玩，玩的设施齐全！,5
卫生很好，这点对带孩子的人来说很重要，园区节目也很丰富 【趣味】,5
演出值得一看，很震撼！尤其是带孩子来玩，据说现在的节目压缩了不少，不过表演很精彩，而且现场互动也很好，全场情绪高涨，而且有各种各样的小动物！！！,5
儿童的乐园，小喇叭和眼镜蛇都是专门为儿童设计的亲子滑道，可以爸爸妈妈和儿童一起玩，而且外形也很可爱，还有满是卡通形象喷射出无数水花的“戏水池”也很适合小朋友。 园内刺激的项目为“高速滑道”、“超级大喇叭”、“超级大滑板”、“急驰竞赛”“巨兽碗”，都是心跳指数爆表的项目。需要注意的是巨兽碗和大滑板，都是需要4个人一起才能玩的，大喇叭是3个人可以玩的，人数如果不够的话，可能要找陌生人凑数。园区还斥巨资引进了全球首台、德国原厂设计、制作的划时代玩水设备“摇滚巨轮”。 另外值得玩的项目有“漂流河”和“造浪池”，造浪池顾名思义就是人造的海浪，适合泡里面玩水，加上这边中央舞台还经常有各类表演，是整个水上乐园较为有人气的地方。漂流河就是漂流景观带，漂流的流速适中，两个人坐在一个浮圈上漂流，感受四周的风景变化，特别适合二人世界,5
儿童的乐园，小喇叭和眼镜蛇都是专门为儿童设计的亲子滑道，可以爸爸妈妈和儿童一起玩，而且外形也很可爱，还有满是卡通形象喷射出无数水花的“戏水池”也很适合小朋友。 园内刺激的项目为“高速滑道”、“超级大喇叭”、“超级大滑板”、“急驰竞赛”“巨兽碗”，都是心跳指数爆表的项目。需要注意的是巨兽碗和大滑板，都是需要4个人一起才能玩的，大喇叭是3个人可以玩的，人数如果不够的话，可能要找陌生人凑数。园区还斥巨资引进了全球首台、德国原厂设计、制作的划时代玩水设备“摇滚巨轮”。 另外值得玩的项目有“漂流河”和“造浪池”，造浪池顾名思义就是人造的海浪，适合泡里面玩水，加上这边中央舞台还经常有各类表演，是整个水上乐园较为有人气的地方。漂流河就是漂流景观带，漂流的流速适中，两个人坐在一个浮圈上漂流，感受四周的风景变化，特别适合二人世界,5
世界知名水上乐园 心跳指数爆表体验 长隆水上乐园荣获过众多国际大奖，其超大的游玩空间，顶尖的配套设施吸引了来自各地的游客。 值得玩的项目有“漂流河”和“造浪池”，中央舞台经常有各类表演，是整个水上乐园最有人气的地方。 园内最刺激的项目为“高速滑道”、“超级大喇叭”、“超级大滑板”等，都是心跳指数爆表的项目。 另外带孩子出行的可以考虑去“宝贝水城”、“小喇叭”、“眼镜蛇”等景点。,5
世界知名水上乐园 心跳指数爆表体验 长隆水上乐园荣获过众多国际大奖，其超大的游玩空间，顶尖的配套设施吸引了来自各地的游客。 值得玩的项目有“漂流河”和“造浪池”，中央舞台经常有各类表演，是整个水上乐园最有人气的地方。 园内最刺激的项目为“高速滑道”、“超级大喇叭”、“超级大滑板”等，都是心跳指数爆表的项目。 另外带孩子出行的可以考虑去“宝贝水城”、“小喇叭”、“眼镜蛇”等景点。,5
世界知名水上乐园 心跳指数爆表体验 长隆水上乐园荣获过众多国际大奖，其超大的游玩空间，顶尖的配套设施吸引了来自各地的游客。 值得玩的项目有“漂流河”和“造浪池”，中央舞台经常有各类表演，是整个水上乐园最有人气的地方。 园内最刺激的项目为“高速滑道”、“超级大喇叭”、“超级大滑板”等，都是心跳指数爆表的项目。 另外带孩子出行的可以考虑去“宝贝水城”、“小喇叭”、“眼镜蛇”等景点。,5
很有意思，项目很多，很好玩，很满意,4
我们带孩子来长隆度假旅游，选了长隆旅游度假区里的熊猫酒店，住这个酒店的好多都是带孩子来玩的。酒店还真是不错，很卡哇伊呦！我们住的萌萌房，很粉嫩呦！就是吃饭价位有点贵，不过旅游区贵点也是正常的。度假区里还有野生动物园、欢乐世界、大马戏、水上世界，还有长隆酒店等等。,4
小孩子早就期待的一次旅行，虽然我去过，但每次看的都不尽兴,5
儿童的乐园，小喇叭和眼镜蛇都是专门为儿童设计的亲子滑道，可以爸爸妈妈和儿童一起玩，而且外形也很可爱，还有满是卡通形象喷射出无数水花的“戏水池”也很适合小朋友。 园内刺激的项目为“高速滑道”、“超级大喇叭”、“超级大滑板”、“急驰竞赛”“巨兽碗”，都是心跳指数爆表的项目。需要注意的是巨兽碗和大滑板，都是需要4个人一起才能玩的，大喇叭是3个人可以玩的，人数如果不够的话，可能要找陌生人凑数。园区还斥巨资引进了全球首台、德国原厂设计、制作的划时代玩水设备“摇滚巨轮”。 另外值得玩的项目有“漂流河”和“造浪池”，造浪池顾名思义就是人造的海浪，适合泡里面玩水，加上这边中央舞台还经常有各类表演，是整个水上乐园较为有人气的地方。漂流河就是漂流景观带，漂流的流速适中，两个人坐在一个浮圈上漂流，感受四周的风景变化，特别适合二人世界,5
儿童的乐园，小喇叭和眼镜蛇都是专门为儿童设计的亲子滑道，可以爸爸妈妈和儿童一起玩，而且外形也很可爱，还有满是卡通形象喷射出无数水花的“戏水池”也很适合小朋友。 园内刺激的项目为“高速滑道”、“超级大喇叭”、“超级大滑板”、“急驰竞赛”“巨兽碗”，都是心跳指数爆表的项目。需要注意的是巨兽碗和大滑板，都是需要4个人一起才能玩的，大喇叭是3个人可以玩的，人数如果不够的话，可能要找陌生人凑数。园区还斥巨资引进了全球首台、德国原厂设计、制作的划时代玩水设备“摇滚巨轮”。 另外值得玩的项目有“漂流河”和“造浪池”，造浪池顾名思义就是人造的海浪，适合泡里面玩水，加上这边中央舞台还经常有各类表演，是整个水上乐园较为有人气的地方。漂流河就是漂流景观带，漂流的流速适中，两个人坐在一个浮圈上漂流，感受四周的风景变化，特别适合二人世界,5
儿童的乐园，小喇叭和眼镜蛇都是专门为儿童设计的亲子滑道，可以爸爸妈妈和儿童一起玩，而且外形也很可爱，还有满是卡通形象喷射出无数水花的“戏水池”也很适合小朋友。 园内刺激的项目为“高速滑道”、“超级大喇叭”、“超级大滑板”、“急驰竞赛”“巨兽碗”，都是心跳指数爆表的项目。需要注意的是巨兽碗和大滑板，都是需要4个人一起才能玩的，大喇叭是3个人可以玩的，人数如果不够的话，可能要找陌生人凑数。园区还斥巨资引进了全球首台、德国原厂设计、制作的划时代玩水设备“摇滚巨轮”。 另外值得玩的项目有“漂流河”和“造浪池”，造浪池顾名思义就是人造的海浪，适合泡里面玩水，加上这边中央舞台还经常有各类表演，是整个水上乐园较为有人气的地方。漂流河就是漂流景观带，漂流的流速适中，两个人坐在一个浮圈上漂流，感受四周的风景变化，特别适合二人世界,5
儿童的乐园，小喇叭和眼镜蛇都是专门为儿童设计的亲子滑道，可以爸爸妈妈和儿童一起玩，而且外形也很可爱，还有满是卡通形象喷射出无数水花的“戏水池”也很适合小朋友。 园内刺激的项目为“高速滑道”、“超级大喇叭”、“超级大滑板”、“急驰竞赛”“巨兽碗”，都是心跳指数爆表的项目。需要注意的是巨兽碗和大滑板，都是需要4个人一起才能玩的，大喇叭是3个人可以玩的，人数如果不够的话，可能要找陌生人凑数。园区还斥巨资引进了全球首台、德国原厂设计、制作的划时代玩水设备“摇滚巨轮”。 另外值得玩的项目有“漂流河”和“造浪池”，造浪池顾名思义就是人造的海浪，适合泡里面玩水，加上这边中央舞台还经常有各类表演，是整个水上乐园较为有人气的地方。漂流河就是漂流景观带，漂流的流速适中，两个人坐在一个浮圈上漂流，感受四周的风景变化，特别适合二人世界,5
世界知名水上乐园 心跳指数爆表体验 长隆水上乐园荣获过众多国际大奖，其超大的游玩空间，顶尖的配套设施吸引了来自各地的游客。 值得玩的项目有“漂流河”和“造浪池”，中央舞台经常有各类表演，是整个水上乐园最有人气的地方。 园内最刺激的项目为“高速滑道”、“超级大喇叭”、“超级大滑板”等，都是心跳指数爆表的项目。 另外带孩子出行的可以考虑去“宝贝水城”、“小喇叭”、“眼镜蛇”等景点。,5
世界知名水上乐园 心跳指数爆表体验 长隆水上乐园荣获过众多国际大奖，其超大的游玩空间，顶尖的配套设施吸引了来自各地的游客。 值得玩的项目有“漂流河”和“造浪池”，中央舞台经常有各类表演，是整个水上乐园最有人气的地方。 园内最刺激的项目为“高速滑道”、“超级大喇叭”、“超级大滑板”等，都是心跳指数爆表的项目。 另外带孩子出行的可以考虑去“宝贝水城”、“小喇叭”、“眼镜蛇”等景点。,5
世界知名水上乐园 心跳指数爆表体验 长隆水上乐园荣获过众多国际大奖，其超大的游玩空间，顶尖的配套设施吸引了来自各地的游客。 值得玩的项目有“漂流河”和“造浪池”，中央舞台经常有各类表演，是整个水上乐园最有人气的地方。 园内最刺激的项目为“高速滑道”、“超级大喇叭”、“超级大滑板”等，都是心跳指数爆表的项目。 另外带孩子出行的可以考虑去“宝贝水城”、“小喇叭”、“眼镜蛇”等景点。,5
世界知名水上乐园 心跳指数爆表体验 长隆水上乐园荣获过众多国际大奖，其超大的游玩空间，顶尖的配套设施吸引了来自各地的游客。 值得玩的项目有“漂流河”和“造浪池”，中央舞台经常有各类表演，是整个水上乐园最有人气的地方。 园内最刺激的项目为“高速滑道”、“超级大喇叭”、“超级大滑板”等，都是心跳指数爆表的项目。 另外带孩子出行的可以考虑去“宝贝水城”、“小喇叭”、“眼镜蛇”等景点。,5
世界知名水上乐园 心跳指数爆表体验 长隆水上乐园荣获过众多国际大奖，其超大的游玩空间，顶尖的配套设施吸引了来自各地的游客。 值得玩的项目有“漂流河”和“造浪池”，中央舞台经常有各类表演，是整个水上乐园最有人气的地方。 园内最刺激的项目为“高速滑道”、“超级大喇叭”、“超级大滑板”等，都是心跳指数爆表的项目。 另外带孩子出行的可以考虑去“宝贝水城”、“小喇叭”、“眼镜蛇”等景点。,5
世界知名水上乐园 心跳指数爆表体验 长隆水上乐园荣获过众多国际大奖，其超大的游玩空间，顶尖的配套设施吸引了来自各地的游客。 值得玩的项目有“漂流河”和“造浪池 园内最刺激的项目为“高速滑道”、“超级大喇叭”、“超级大滑板”等，都是心跳指数爆表的项目。 另外带孩子出行的可以考虑去“宝贝水城”、“小喇叭”、“眼镜蛇”等景点。,5
世界知名水上乐园 心跳指数爆表体验 长隆水上乐园荣获过众多国际大奖，其超大的游玩空间，顶尖的配套设施吸引了来自各地的游客。 值得玩的项目有“漂流河”和“造浪池”，中央舞台经常有各类表演，是整个水上乐园最有人气的地方。 园内最刺激的项目为“高速滑道”、“超级大喇叭”、“超级大滑板”等，都是心跳指数。,5
长隆水上乐园荣获过众多国际大奖，其超大的游玩空间，顶尖的配套设施吸引了来自各地的游客。 值得玩的项目有“漂流河”和“造浪池”，中央舞台经常有各类表演，是整个水上乐园最有人气的地方。 园内最刺激的项目为“高速滑道”、“超级大喇叭”、“超级大滑板”等，都是心跳指数爆表的项目。 另外带孩子出行的可以考虑去“宝贝水城”、“小喇叭”、“眼镜蛇”等景点。,5
世界知名水上乐园 心跳指数爆表体验 长隆水上乐园荣获过众多国际大奖，其超大的游玩空间，顶尖的配套设施吸引了来自各地的游客。 值得玩的项目有“漂流河”和“造浪池”，中央舞台经常有各类表演，是整个水上乐园最有人气的地方。 园内最刺激的项目为“高速滑道”、“超级大喇叭”、“超级大滑板”等，都是心跳指数爆表的项目。 另外带孩子出行的可以考虑去“宝贝水城”、“小喇叭”、“眼镜蛇”等景点。,5
二个园一起玩时间不太够会赶的很累，中午过去动物都在睡觉，建议先玩欢乐世界，刺激,5
推荐带孩子去游玩，个人觉得是国内最有趣的野生动物园没有之一，就是夏季要注意防晒防蚊,5
很好玩，满意,5
挺不错的，万圣节来的，感觉挺好,5
长隆公园已经成为一个巨大的游乐王国，玩的品种丰富多彩，但也引来了大量的客流，所以大部分游乐设施排长队的普遍现象，整体体验不错！,5
长隆公园已经成为一个巨大的游乐王国，玩的品种丰富多彩，但也引来了大量的客流，所以大部分游乐设施排长队的普遍现象，整体体验不错！,5
票不便宜，但里面真的挺好玩的，可以玩一整天，小火车和青龙山都不错,5
在携程上订票很方便。,5
套票实惠。,5
推荐带孩子去游玩，个人觉得是国内最有趣的野生动物园没有之一，就是夏季要注意防晒防蚊,5
推荐带孩子去游玩，个人觉得是国内最有趣的野生动物园没有之一，就是夏季要注意防晒防蚊,5
推荐带孩子去游玩，个人觉得是国内最有趣的野生动物园没有之一，就是夏季要注意防晒防蚊,5
很好玩，满意,5
挺不错的，万圣节来的，感觉挺好,5
挺好玩的啊,5
长隆确实是国内最成熟的度假区，玩的很开心。有机会还会再来玩。不过就是节假日人太多了，希望园方能够控制下人流量，网上提前预约，提高游客游玩质量,5
长隆确实是国内最成熟的度假区，玩的很开心。有机会还会再来玩。不过就是节假日人太多了，希望园方能够控制下人流量，网上提前预约啥的,5
长隆确实是国内最成熟的度假区，玩的很开心。有机会还会再来玩。不过就是节假日人太多了，希望园方能够控制下人流量，网上提前预约，,5
很不错 玩的挺多,5
票价稍贵 宝宝很小 1岁多点 全程对各种活动没兴趣 也就省钱了 南门进 推荐直接杀到右边熊猫乐园站去坐缆车--- 到天鹅湖站--- 再坐小火车---然后步行逛青龙山 沿路线走就能走回南门 公园安排的路线基本很合理 沿路线走能逛完大部分景点---到南门后 强烈再到熊猫乐园站坐一次缆车全线，空中俯瞰的感觉不错的 缆车 火车免费哦 网上推荐的熊猫馆 考拉馆 说实话真没意思！偌大的地方其实没几只熊猫或考拉，零星的几只考拉还在睡觉 最有意思的是小火车部分 讲解员很有趣哦 园里东西很贵 我和先生带1岁宝宝，花费门票176+224(找的最便宜的)+10可乐+24雪糕2只+租婴儿车100=534 住宿我们是住在地铁站边的一个公寓 不错 2晚花了460 从地铁站到动物园有免费班车 不用打车去 不值得 动物园安检处不严格的 就是随意看看 我带着宝宝 包里的食物 水 奶 都带进去了 4个香蕉1个苹果 1个酸奶 1包小饼干 1个奶瓶 有点多哦 基本上都是给宝宝吃的 可能是工作人员看带着小孩 就宽松了些？ 网上其他人说要好几天才能看完 但我们基本上半天就转完了 11点进的园 然后不给力的娃睡觉了！！！我们就等他醒来，知道12.30多，快1点钟才开始正式去坐缆车，然后小火车，自行去逛，再缆车全程，最后就在南门处瞎逛一下 出门在下午6点左右，结束全程,5
很方便很快捷,5
长隆值得带着全家来旅行的地方，赞,5
非常喜欢，风景宜人，游乐设施齐全。,5
动物在园区散养，坐上小火车游览一圈，可以近距离看动物，小朋友最兴奋了！,4
长隆旅游度假区是集娱乐与美食一体的旅游胜地。,5
国内大型度假区，玩几天也玩不完,5
空中缆车，非常方便，野生动物园，和大马戏都不错。,5
长隆旅游度假区包含长隆欢乐世界，长隆水上乐园，长隆野生动物世界，综合性很强，长隆酒店与长隆水上乐园连接想通，适合旅游度假游玩的人直接玩在长隆，住在长隆。。。,5
动物园非常大，有免费缆车和小火车乘坐，还能和动物零距离接触，熊猫老虎的数量是我去过的动物园里面最多的。值得一游。,5
长隆的营销真的非常到位！这里是欢乐的海洋！作为AAAAA级景区，真的是名副其实！一站式搞定所有出行、娱乐需求！很推荐的哦！,5
旅游季节旺季长隆大量的广告，在各大机场码头，哦一大班外地朋友搭住飞机乘住高铁，父老朋友赶往长隆系列,5
长隆值得带着全家来旅行的地方，赞,5
非常喜欢，风景宜人，游乐设施齐全。,5
动物在园区散养，坐上小火车游览一圈，可以近距离看动物，小朋友最兴奋了！,4
没什么意思，***没什么意思，***没什么意思，***没什么意思，***没什么意思，***,4
没什么意思，***没什么意思，***没什么意思，***没什么意思，***没什么意思，***,3
还可以 人不是很多 所以快速手环没用上,5
特别好，适合带着孩子来。特意避开国庆高峰期，人比较少玩的也愉快。就是吃的比较贵。有缆车和小火车可以免费乘坐还有儿童乐园。,5
其实大马戏还是不错的，野生动物园也可以，尤其小火车和缆车一定要坐，十一人多，平时应该还好吧，吃的稍贵一些，味道还是可以，我们是在亚洲美食吃的,5
***,5
设施很棒，服务不错，餐点很差，总体还可以，相对欢乐谷好一些吧,3
和老婆两个人一起去的，很不错的体验,5
很不错的体验，和老婆两个人去的,5
很不错，小孩看了还想看，不过就是票价高了点。,5
动物世界美妙无穷，人与自然共处，能够和动物近距离接触，很值得一去。,5
很好玩，园好大，项目也多。一天根本玩不完的，因为人太多了，要排队。,5
买的快速通道卷，少排队一个小时左右，带着两个小朋友，这个感觉还挺好用的，50一张,5
挺好的,5
各种刺激项目，玩的挺高兴，开心,4
长隆野生动物园 水上乐园都不错，票价算起来不贵，野生动物园里面的小火车索道都含进去了，水上乐园的垂直滑梯 造浪池都很好玩，大人小孩一起放飞心情！估计小孩都舍不得出去，哈,5
十一人很多，去水上乐园玩一定要穿泳衣啊，不穿很多项目玩不了，只能去池子里泡着，里面的泳衣太贵了，最便宜的都要200多，而且不好看！！！！,3
去了才知道得早去啊. 人太多了排队能排一两小时. 玩的还阔以.就是脚现在有点疼.拖鞋太贵了买不起,4
非常适合带孩子老人来的地方。不过一天下来真的是累瘫了,5
还行吧，动物很多。错开高峰期来玩的人还好不是很多。搭乘缆车才知道住长隆旗下的酒店可以进快速通道。小火车确实很不错的游览体验。就是景区内的饭实在是又贵又难吃。等小儿子大一点了还可以来一次。,4
长隆旅游度假区是一家AAAAA景区，包含了长隆野生动物园，长隆水上世界，长隆百鸟园，长隆欢乐世界和长隆大马戏等五个主要景点，每一个都能让游客流连忘返。这次来只看了野生动物园，水上乐园和大马戏表演，下次争取把其他两个游遍。景区内住宿很方便，好几家亲子酒店，还有免费BUS。不过消费肯定是很高的，基本上比出国去趟东南亚要贵。,4
很不错的度假区，内容丰富，就是票价不低,5
飞鸟乐园其实很值得带小朋友去玩，就是通往乐园的路太差了，导识路标需要加强。,5
游玩时间不够，小孩要睡午觉，服务还是很好的,5
很好，孩子很喜欢，玩了一整天！,5
交通及其他服务都配备的非常完善，很好玩，大马戏也很震撼，值得一玩…,5
没有广告那么好看，没有那么好玩，园很大,3
还行吧，没有期待的好玩，也没有广告那么有趣,4
小孩子特别喜欢，值得一去，不错的体验,5
***,5
联票更划算，两个景点中间有接驳车，带孩子们出行，大人比孩子玩得还嗨皮,5
长隆野生动物园 无论是坐缆车还是小火车 还是自驾 小孩子都喜欢到爆 ！今天全部都体验了一下，宝贝兴奋的手舞足蹈！！！,4
长隆大马戏是我看过的最值得推荐的项目，不虚此行，娱乐性很强，适合亲子一家人。演员的表演有趣味，观众配合度也很高。,5
亲子游，确实值得推荐，特别是动物园很有乐趣，游乐场小孩子只能玩一些没有刺激性的游乐设施，总体感觉很好，下次再来,5
过山车的刺激感很爽，花车巡游有点马虎，小朋友玩的娱乐项目挺多的，还是要推荐，适合亲子出行,5
出票很快，价格合适，棒极了！玩的很愉快，体验的非常的棒！棒极了！,5
出票很快，价格合适，棒极了！玩的很愉快，体验的非常的棒！棒极了！,5
出票很快，价格合适，棒极了！玩的很愉快，体验的非常的棒！棒极了！,5
出票很快，价格合适，棒极了！玩的很愉快，体验的非常的棒！棒极了！,5
出票很快，价格合适，棒极了！玩的很愉快，体验的非常的棒！棒极了！,5
非常适合出游居住，设施齐全，干净整洁。下次还会选择这里。很棒的旅行,5
广州最值得去的一个游乐园肯定就是长隆了，在这边的内部设施都做得相当的不错，而且的话规划也是相当好的，虽然门票比较贵，但是比起外面很多乐园来说算是比较不错了。,4
出票很快，价格合适，棒极了！玩的很愉快，体验的非常的棒！棒极了！,5
出票很快，价格合适，棒极了！玩的很愉快，体验的非常的棒！棒极了！,5
出票很快，价格合适，棒极了！玩的很愉快，体验的非常的棒！棒极了！,5
出票很快，价格合适，棒极了！玩的很愉快，体验的非常的棒！棒极了！,5
出票很快，价格合适，棒极了！玩的很愉快，体验的非常的棒！棒极了！,5
出票很快，价格合适，棒极了！玩的很愉快，体验的非常的棒！棒极了！,5
出票很快，价格合适，棒极了！玩的很愉快，体验的非常的棒！棒极了！,5
出票很快，价格合适，棒极了！玩的很愉快，体验的非常的棒！棒极了！,5
非常适合出游居住，设施齐全，干净整洁。下次还会选择这里。很棒的旅行,5
长隆欢乐世界和水上乐园特别适合孩子，很不错的！两园可以互通。,5
玩的很开心哦，水上项目很好，当天的天气非常的给力，太阳不是很大，中间下了一会儿小雨，不过跟我同行的人不是很爱玩，自己的项目，所以玩耍哈哈哈，下次我还要再去(●°u°●) 」,5
带着三岁以上孩子来玩的最佳景点，超级棒！,5
一般，没有说的那么好玩，一米的孩子都要门票，里面的东西还特别贵,3
不错，不过适合孩子玩不合适老人,5
绝对是中国最好的旅游乐园度假区！顶起,5
绝对是中国最好的旅游乐园度假区！顶起,5
不错，网上购票优惠一些，免得排队啊,5
还好吧，项目是还不少，如果能有游玩指南会更好，大太阳下漫无目的的走挺累的,4
价格不便宜，期望非常高，但实际上正常而己,5
总体来说非常不错，小孩玩得开心，就是景区吃喝消费偏高,5
珠海的长隆，是带孩子度假的很不错的目的地，在这边可以玩上2-3天，这样会比较合理，里面有主题酒店，也是非常有趣的。孩子在这边能够度过非常快乐的假期时光。,4
少儿低于1.4米的很多项目不能玩，本来就是带小孩玩的，也没有在醒目位置提醒消费者，其它能玩的普通项目我在其他地方也能玩，为什么来长隆，有种被骗的感觉，里面吃的又贵又不好吃，一份随便套歺78，又难吃，可选择性又少，可以称做垃圾食品，本以为动车站吃饭贵，原来还有更黑更贵的，那就是中国唯一不让消费者带食品进园的广州长隆，堪称中国第一黑旅游景区，不会再来，更不会推荐朋友来,1
满意，玩的很开心，就是领取消费太贵了！,5
还是可以，熊猫看的比较清楚，很可爱，居然比在四川的大熊猫基地看的更清楚，不错！考拉也很可爱，第一次看到真，和大熊猫有的一拼！老虎在哈尔滨看过东北虎，不过那边没有看到什么表演，在这边看了孟加拉白虎跳水。感觉动物在这里面生活的很舒适，赞一个！就是门票略贵。,4
本来想着人很多，结果野生动物园和飞鸟乐园都没怎么排队，小火车是最后快结束时座的所以没排队，这两个园有很多动物是重复的，感觉飞鸟乐园更亲民更接地气一些。,4
还可以，门票略贵，前面的节目一般，后面的节目还是有精彩的，没看过的可以去看看，看过的就没有再次想看的想法了。,3
水上乐园好玩 动物园没啥意思 大马戏一定要看 欢乐世界呢 胆小慎入吧,4
好，很好，动物很多，景色优美。,5
不错！！！！！！！！！！！,5
，虽然天气不太好，但是还不错，不过之后可就不能一起啦,5
夏天广东好去处，晚上节目多多，最好住一晚，这样时间更充足。,4
网上预订的马戏门票有两种形式，一种是可以退，一种不可退而且是随机派给你其他手机号，不知道什么原因，让人不舒服，下单时需要看清楚。,3
长隆非常好玩，应该说在游乐场里面是比较有水准的，细节做得非常不错，来的早的话可以玩很久，很多地方排队并不多，而且地方很大，一般一天是不够的。建议多待几天，放松心情。,5
长隆非常好玩，应该说在游乐场里面是比较有水准的，细节做得非常不错，来的早的话可以玩很久，很多地方排队并不多，而且地方很大，一般一天是不够的。建议多待几天，放松心情。,5
长隆非常好玩，应该说在游乐场里面是比较有水准的，细节做得非常不错，来的早的话可以玩很久，很多地方排队并不多，而且地方很大，一般一天是不够的。建议多待几天，放松心情。,5
挺好的，很大。孩子很喜欢。还有很多地方没玩儿。建议玩儿两天。,5
很大，里面还有很多小孩子玩儿的。联系先去步行区再去坐火车和缆车。,5
刺激，好玩，就是排队得等老长时间,5
不错！！！！！！！！！！！,5
，虽然天气不太好，但是还不错，不过之后可就不能一起啦,5
夏天广东好去处，晚上节目多多，最好住一晚，这样时间更充足。,4
网上预订的马戏门票有两种形式，一种是可以退，一种不可退而且是随机派给你其他手机号，不知道什么原因，让人不舒服，下单时需要看清楚。,5
还不错，就是门票有点贵，一个小时的演出，而且得提前去占座，好的位置都要加钱，不过演出还算精彩，剧场里有点闷热,4
排队太久了，浑身是汗！吃的太贵了,4
玩了一整个下午，意犹未尽。下次还会选择来。,5
亲子游玩好去处．景区内饮食消费偏贵了些．暑假天人好多，也属正常！,4
假期要排隊，交通方便。孩子們都喜歡。,5
很棒的旅游景点，孩子很喜欢，很棒。,5
很壮观，动物很多，物有所值！！！！！！！！！！！！！！！！！！！！！！！！！,5
值的玩，野生动物世界里有观光小火车和缆车方便游客一边观看动物一边休息，也可以徒步观看，项目很多，门票价格物有所值。,5
非常棒，路线设计比较合理，没走多少冤枉路，大人小孩都兴致勃勃！动物们也都很可爱，被饲养员和动物管理员养的很好，植被茂盛，环境干净！建议能在南门开辟小火车路线就更好了。,5
玩的项目刺激，游乐设施项目不错。适合带孩子来玩，我们没敢玩特别刺激的，孩子有点害怕了，就玩了些简单的。,4
有缆车，有小火车，有步行区域，三维全方位照顾到，很好。,5
推荐，亲子游广州必须打卡景点，服务人员态度很好，设施很贴心，价格很小贵,5
在这里一边玩一边度假的感觉很不错的,5
虽然有点累，但是孩子玩的很尽兴。,5
景区人实在太多，任何时候都是，所以性价比算是很差了，因为你一整天最多也就能体验十几个项目罢了！,4
越来越好了，就是景区饮食的物价实在太高了，矿泉水都十块一瓶，算下来比迪士尼还贵了,5
处处都是惊喜，每每都有新发现，缆车最给力，小火车也很好！,5
值得一逛，孩子们玩得开心点！赞,5
动物世界还不错。就是广州这天气变脸也太快了，一天之内晴雨互换了三次……,4
好玩，再来玩一次吧！(=^▽^=)(=^▽^=)(=^▽^=),5
不管你去到哪里的长隆。都会让你玩上一整天也不觉得累。,5
推荐，亲子游广州必须打卡景点，服务人员态度很好，设施很贴心，价格很小贵,5
在这里一边玩一边度假的感觉很不错的,5
虽然有点累，但是孩子玩的很尽兴。,5
景区人实在太多，任何时候都是，所以性价比算是很差了，因为你一整天最多也就能体验十几个项目罢了！,4
越来越好了，就是景区饮食的物价实在太高了，矿泉水都十块一瓶，算下来比迪士尼还贵了,5
景区内项目不少，可是要想过一遍的话那是不可能的，充其量每个全天能体验10+个就不得了了，因为排队的人实在太多，一个大摆锤排队就超过一个半小时了,4
越来越好了，就是可以广州的气温实在是让人受不了，另外景区的餐饮价格也实在太高了，矿泉水都十块一瓶，还不如迪士尼,5
马戏表演很好看，票价不贵，家人们都很满意，很好玩。就是如果票价可以再优惠一点，那就简直是完美的了。,5
真实感受400多一个人真的太差了根本不刺激我快睡着了中途很多人出来了动物园很值得去一天才玩得完，不推荐马戏,1
人是超级多，到处都是人人人，不过跟同学朋友们玩的都非常开心。人是超级多，到处都是人人人，不过跟同学朋友们玩的都非常开心。,4
无论是广州大本营还是珠海长隆，看动物玩水上乐园机动游戏还有大马戏，这里的每一项活动都是那么的吸引,5
还是很精彩。第一次看。下次有新的项目还是会再来看,5
还是要做第一排。中间的。很好看,5
好看。精彩。还是要做中间一排。,5
住也是住在熊猫酒店，也是广州长隆旗下的酒店，如果住在这边的酒店去长隆野生动物，是有快捷通道的，下面的图片是在空中拍摄的，也有一部分是做小火车拍摄的，是观看东非展区的一个很好的方式。,4
孩子玩的都不愿意走，从天亮玩到天黑,5
家庭出游非常棒 交通住宿都非常方便,5
游玩项目很多，游玩感受很好，但是节假日人数偏多，等待时间较长，服务态度可以，但是景区内消费非常高，尤其是一瓶普通的矿泉水就要10元！,3
买票非常方便 逛了一天没有转完,5
之前夏天周末去了一次，半天就出来了，人山人海又热，只排了一个过山车。这一次是去玩了夜场，万圣节的氛围还不错，不过也是人山人海。,5
长隆整体感觉三个字，超级好！欢乐世界稍微有一点热，想玩全部项目的需要一整天时间，六月底去人还不算太多，园内听说是当天一万人。中午大家吃饭的点儿大型项目排队的人比较少，基本去了就能玩。玩了自由落体，很刺激，还好时间短。看到垂直过山车到了快毕园的时候人也不多了。孩子不到一米三，但能玩的也不少，不过建议挑一些重点的玩，要不比较浪费时间。七点准时闭园，连卖水的有售货员也不买了。食物还是蛮贵的，基本一个人吃饱得七八十左右，我们四个人一顿饭就是两百多。水8元到12元不等。院内三个项目需要雨衣，可以十五元购买，自己带的话建议带直接套头的那种，不要带前面开口像衣服款的。水上乐园夜场去的，人超级多，换衣服存包都要排队。自带洗浴用品，建议带压缩浴巾哦(´-ω-`)，很好用。水上世界要看好孩子，人多孩子多，紧盯住孩子哦。玩了小喇叭。,5
很多东西玩，小朋友放假都来这玩,5
珠海长隆，比广州长隆还大好几倍！你一定要去这个综合的旅游度假区去看看！,5
这里算是中国最好的乐园了，希望有机会还会去,5
可以的 方便方便方便方便方便方便,5
服务做的太好。各个去之间有免费巴士，并且巴士来站频率很高，几乎没有间隔。园区内服务人员态度很好。国际大马戏质量很高，各国表演人员都很热情。就是物价太贵，园内食物一般但很贵。,5
确实是国内值得一来的亲子景区。,5
水的项目:激流勇进好玩，海盗漂流一般，海战那个做好挨淋、挨喷、挨晒的准备，少人玩不是没理由。过山车类型很多，垂直过山车、火箭过山车挑战你的肾上腺。四维电影体验一下也不错。情侣票虽然挺实惠，但进到里面额外花的钱真不少:雨衣15，雪糕两个25，两根香肠加王老吉加水就50了，还有最重要的是，想要精彩瞬间的相片吗，至少79。最后的建议:难得去一次的话，尽量选人气淡的时候，某些项目就不要早早去挤着排队了，如垂直过山车中午时要排70分钟，下午6点多就只用排5分钟，需要合理安排时间。,4
动物有趣，马戏好看，小孩子开心无比。河陆空三种视角看动物，真的是别有一番滋味。还有丰富多彩的表演，令人目不暇接！,5
相当不错，尤其是考拉，在其他动物园看不到的品种，小孩很喜欢。还有里面的恐龙主题，也是相当不错。接待能力很强，排队等车时间不长，很难得。,5
值得一看的演出，表演人员都很专业，节目很精彩很连贯，没有一分钟浪费时间，里面还有猛兽表演，真的很赞！,5
必打卡项目，老少皆宜，值得推荐,5
必打卡项目，老少皆宜，值得推荐,5
这里算是中国最好的乐园了，希望有机会还会去,5
可以的 方便方便方便方便方便方便,5
过年去的，人不多，温度20左右，每个项目玩下来都没怎么排队，一天可以全部玩下来。广州的过年氛围比较浓的,4
【景色】优美 【趣味】有趣 【性价比】高,5
很期待非常期待去那里玩。轻松加刺激,4
值得一看 节目很好 值得一看值得一看,5
爽爽爽~~~~~~~~~~~~~~~~~~,5
是假期带小朋友去玩的好去处，各种不同惊险程度的项目，让小朋友流连忘返，不过去前要做好攻略哦，要不就会陷入无尽的等待与排队当中。一家三、四口，3_5天渡假不错的选择。,5
长隆野生动物园，一次和动物们近距离的亲密接触，园区很大，特色是空中缆车游览和小火车游览，考拉萌萌的，白虎、长劲鹿、河马、白犀牛、鸵鸟等动物另孩子们兴奋不已！,5
演出很震撼，住的熊猫酒店，尽管不是节假日但是人还是很多没有坐到好位置，座位是先到先得，演员和动物演员都很棒，演出精彩，水平很高，一次难忘的回忆！,5
非常好的动物园，各项设施基本不错，老少皆宜，，，，，，，加油,5
孟加拉国的白虎扑食之威风气势！让人看了过瘾,4
演出很精彩，互动也很多。一次难忘的回忆！带儿子来的路上航班延误，差点错过这次精彩的演出。演员和动物们都很卖力，不错！,5
长隆带小孩来玩，感受很不错.....,5
一个令人心动的地方！这里有野生动物世界，有欢乐水世界，有马戏表演，有游乐场。长隆把番禺区的一个村变成了全国的乐园度假区。而且这里的酒店也十分热闹，熊猫酒店节假期间要4-5千元一间，还一房难求！令人咋舌！好处是凭酒店房卡可以在所有游玩点走快速通道，减少排队时间，也是一种待遇！,4
环境不错，悠闲娱乐好去处，大人小孩都合适,5
过山车还是非常值得一去的，下次有机会还要再去体验一下！,5
像欢乐谷那样的游乐园，里边游乐设施还挺刺激,5
值得去，休闲娱乐，家庭出游棒棒的,5
还是要感谢携程，订票过程出了点状况，携程后台非常负责，帮忙跟了两天，到最终落实好，期间不停与其他部门协调并及时电话联系，让人放心的团队，感谢！还有就是看马戏记得早点去霸位哦，舞台正前方的位置，后面一点也没关系，视觉上会更直观一点。我是看马戏有多投入啊，一张演出的照片都没拍，马戏效果真的很棒，我第二次看了还是很震撼，值得去看。两岁的儿子也看得很投入，不时有呆萌的小动物出来搞笑一下。,5
长隆动物园和飞鸟乐园非常棒！就是飞鸟乐园的门票自助机取不出来，得人工售票和客服中心自己跑来跑去，建议改进,5
孟加拉国的白虎扑食之威风气势！让人看了过瘾,4
演出很精彩，互动也很多。一次难忘的回忆！带儿子来的路上航班延误，差点错过这次精彩的演出。演员和动物们都很卖力，不错！,5
来广州就是来长隆的，一路坐着✈️，乘着地铁，终于来到了目的地！孩子们开心坏了！,5
假期带孩子和小伙伴一起去游乐场，动物园，孩子们玩的特别开心，环境好，动物多，适合各个年龄段的小朋友。,5
很不错的一个景点，很好玩，很有趣,5
分是给了高分，好话不说了，说点不足吧！景区穿梭车司机大哥们开得再平稳点就好了，拐个弯连大人都站不稳，得使劲拉着扶手，更不用说孩子了，况且人流那么密集，一般都没有座位的…,5
園區很大但是分幾個遊園的區域，基本上一天只能玩一個園區，不然感覺浪費了，想玩水的建議晚上玩，因為不熱，刺激的遊戲很多，一票玩到底,4
放假带孩子去的，也还行，就是人有点多。,5
不错，是一个值得家庭和朋友玩游的地方,5
非常好玩，不论大人小孩都可以玩的非常开心，我们没有赶在假期去，人都超级的多，建议大家去还是错峰游玩吧。尤其是带孩子出游的家庭,5
还想再去，园内交通方便 ，动物众多，可以近距离接触，赞,5
这个极速过山车超级爽，玩一次觉得魂都没有了，眼睛一直闭的。,5
不会再去了，去过一次就够了，太贵了现在，赶上去新加坡了感觉,5
喜欢机动游戏的宝宝还是可以去逛逛的，不过消费有点贵，吃的喝的都挺贵的,4
长隆很适合带着小朋友去玩，所有游乐设施应有尽有～,5
在长隆酒店住了两天，去动物世界玩了两天，很幸运没有遇到雨。,5
在广州算比较大的机动游戏乐园，一天在这里都不会闷，老少咸宜，设施配套也完善，经常有活动，价格更划算,5
不管怎么说希望携程能够提供越来越多的门票选择，让礼品卡有更多的用武之地，也让携程用户坚定使用平台，并获得相应的回馈。,4
很好玩，小孩子很喜欢。动物养的也很棒,5
值得去 【性价比】适合亲子，适合情侣，适合朋友,5
越办越好，一家老少都适合，景区干净，消费合理，观赏节目安排得非常好，可以一场连一场去看，既不浪费时间又能及时看到每场表演。长隆办出了特色,5
长隆旅游度假区自驾进入，出入口拿停车卡，旅游区有酒店和多个园区的游玩项目，比如长隆大马戏，长隆水上乐园等，各个园区各自购票，也可以买套票。,5
适合所有人群，广州必去的景点之一,5
园区规划很好，很适合小朋友玩。尤其有小火车，空中缆车很方便。酒店准备了小朋友的拖鞋浴衣牙具等，非常贴心。,5
住的地方不错，硬件设施软件设施都很满意,5
和广州长隆比，孩子更喜欢珠海长隆，可能珠海更适合小孩子,4
丰富的游乐设施，完善的服务，费用稍贵，但是可以畅玩，非常不错的体验。,5
是一场视觉盛宴，一场秀看下来，只会让你觉得目不暇接，精彩纷呈，不得不说老外在搞气氛这方面确实有一手儿！超级推荐！值得观看！,5
周末很适合带小朋友出去玩，广州的旅游点必去,5
我比较喜欢玩 水上项目也比较好,5
挺好，真的现在还在这里准备出发去珠海，这是第一站，熊猫酒店的各种服务好的没的说，感觉很舒服，一楼大厅还时不时有活动，有玩的地方，离得马戏团很近,5
很不错的体验，感觉到经营者对孩子的重视和尊重，有机会还会过来,5
好棒的。好玩的!。下次还有来。,5
过年的时候来的，没有住在长隆酒店，住在了番禺万达，到长隆也很方便。,5
非常好，快捷方便，很好愉快的一次旅行,5
里面除了买玩具的一个接一个没啥可看的动物不多。节假日都是看人的，没意思。还不如广州动物园,3
一等座或者VIP才能更好的精彩的马戏表演。,5
长隆真的是个带娃游玩的好去处！住长隆酒店，周边就有好几个景点。动物园大得一天逛不完，品种多；晚上的马戏表演让人称赞一定要早点进去，不然好位子很快就没了。,5
大马戏很是精彩，尤其熊熊们跑起来的样子可爱极了，孩子很喜欢模仿他们的样子,5
长隆的设施和服务都特别好，孩子玩得很开心，将来有机会还要来！,5
总体感觉很好，下次还会再来，闺女很喜欢,5
玩的非常的不错，环境好，设施好，下次还会带孩子再来,5
有点小贵，节目安排的很连贯，换道具时，穿插了过场小节目，活动比较多，孩子们很喜欢，灯光效果和配乐都很好，至于动物吗，都是过来打酱油的，主要还是看人展示,4
太喜欢了，有长隆酒店房卡可以很方便,5
配套设施完善，卫生整洁，动物数量颇多，景区有免费火车与空中缆车，让游客能全方位的体验，感受与动物和大自然的亲密接触。,5
景区内和地铁站有免费的接驳巴士很方便,5
景区内和地铁站有免费接驳巴士很方便,5
地铁站，动物园和大马戏有免费的接驳巴士，很方便。,5
长隆之行非常棒的体验，动物园、大马戏、游乐园和旗下的酒店都非常不错，孩子很喜欢，玩的也很好，整体感觉不错，非常值得推荐亲子出游。,5
***,5
长隆国际大马戏，表演很精彩！场子很大，票价不便宜，普通票没有座位号，先到先坐。下次再来，会买一等座，可以和走到观众席的表演者和动物表演近距离接触和互动机会。里面吃的东西贵。,5
联票不错，经济实惠，还要再来。,5
大马戏一等座不错，看的清楚，够刺激,5
游乐设施齐全，太小孩子项目不多,5
人太多了体验不好，而且票价虚高。,3
还行吧很好的体验*******,5
带孩子去玩，很好很有意义，适合亲子出游,5
值得游玩，小孩子玩得很开心，好玩。,5
不错，还可以。小孩子玩得蛮开心的,4
演出非常精彩。就是等级要求太恶心了。,4
演出非常精彩。就是等级要求太恶心了。,4
联票不错，经济实惠，还要再来。,5
大马戏一等座不错，看的清楚，够刺激,5
***,5
园内娱乐休闲设施应有尽有，好玩。,5
春节旅游景点旅游人非常多，小动物很可爱，景点有工作人员指导，还有大巴车免费接送到大马戏表演的地方，非常贴心。,5
大马戏太令人震撼了，去的比较玩，位置靠后点，但还是振奋人心,5
是有一年在春晚上看见了长隆大马戏的表演，觉得很不错，这次来广州特意来看大马戏，总体还是很满意的，就是票价太高了，一家人来真有点承受不了啊，还好小朋友喜欢看，不错，值得一看。,5
很好玩，很好看，很有趣，下次再来,5
还行，春节期间人很多，大马戏最不划算，小朋友连1米都没有也必须买票，真是不划算。,5
马戏团很精彩，很值得去看，全场无尿点,5
非常不错，除了太贵了，别的都很好,5
动物园很普通普通，不过马戏团很赞,2
期望挺高，但到现场有小小失望。,3
马戏很震撼，可惜居然忘记拍照了……,5
马戏很震撼，因为带的小朋友多没有升级到前排，小小的遗憾，居然没有拍照片。。。,5
和动物们零距离接触，有车上，空中各种不同感受观看动物们的生活习性！孩子们很喜欢,5
***,4
"一流的雜技表演,不錯,100分鐘沒有冷場",5
动物园的空中缆车不错，白虎跳水的表演也还可以，天鹅也美，考拉也萌，总体还不错。 就是这个度假区费用比较高，变着法的让游客多出钱，比如动物园傍晚出园高峰期的穿梭巴士不太给力，太挤，不知道是不是为把客户都留在园区住宿而故意不跟上交通配套设施的水准的。,4
广州长隆旅游度假区是长隆集团下的休闲度假胜地。这里有许多主题乐园和酒店可以供大家游玩。其中有长隆野生动物园，长隆鸟园，长隆大马戏城，长隆游乐园和长隆主题酒店。绝对是一个集娱乐，度假，美食为一体的大型休闲中心，是来广州一定要来的地方，绝对不可以错过。,5
交通，动物园南门有长隆的大巴可以到。我提前一个半小时到那，提前在网上查了哪里的位置最好，但是到现场临时改了主意，坐到了中间的最后面，其实还是酒店客户旁边的位置好一些，因为中间那条路会有巡游，互动那些，后面看不到。很精彩，一个半小时很快就过去了。,5
玩一天行程很满，整体不错适合带孩子一起玩,5
长隆国际大马戏团表演的节目做的非常精彩，活动形式多样，节目衔接紧凑。表演者技术高超，确实是国际水平。就是我去的有点儿晚了，没有找到最好的位置。,5
长隆果然非常不错，建议淡季去。人太多了,5
大马戏很精彩，酒店客人有专属座位。淡季以为人不多，结果没有好位置。坐得很远，有点小遗憾。,5
面积大，内容丰富，有特色，游人很多,5
就是贵，设备保养特别好，不让带吃的，里面比外面贵三倍，很好玩,5
真心的好，孩子玩的很开心，值得再去,5
这次来觉得很值，没住在长隆旗下的酒店，感觉太贵了，附近酒店很多，住在外面，逛街和购物，餐饮和娱乐都非常方便！动物乐园和大马戏都非常不错哦！,5
去的广州长隆野生动物园，非常喜欢。路线按照南门进南门出，先徒步后小火车再缆车！完美！,5
在酒店买的两日票太超值了，还免费乘坐了小火车和缆车游览，景区太大两天都没有完全走完，建议太小的孩子还是要租推车要不太累，景区消费太高，不能自带食物一份卤肉饭要88元。,5
这次全家游长隆动物世界，飞鸟园，海洋王国，观大马戏。全程虽有点辛苦，但全家老小心情大好！首先景点表演都数精品，精彩，震撼，开眼，兴奋，一票制很方便，想玩什么想看什么都可以，赶上我们运气好，游人不算特别多，排队多在几分钟，十来分钟即可，观赏也不用经受人头攒动的折磨。长隆的经营管理也特别值得称道，吃住行游环环体现以人为本，工作人员服务态度和蔼亲切，有问必答，未遇一个冷面孔，所以从走入长隆就如春风佛面，舒服！尽管门票加园内的饮食按国人的收入不算低，但物有所值！,5
很值得来，但是节假日的门票比平时要高哦,5
加钱换了位子，感觉很不错！能值回票价！,5
我们一家三口是下午五点钟到的广州，简单吃点饭，就直奔大马戏，看到晚上九点，确实没让人失望，太震撼了，很完美的一次旅程。,5
不错，玩的挺开心，基本都玩到了,5
里面玩的挺多，可以住宿，休闲度假的好去处,4
棒极了，前面写过了，就不多写了,5
长隆带旺了番禺这一大块地域，成了广州名片了,5
不错。就是票价小贵，有空再去吧,4
在酒店买的两日票太超值了，还免费乘坐了小火车和缆车游览，景区太大两天都没有完全走完，建议太小的孩子还是要租推车要不太累，景区消费太高，不能自带食物一份卤肉饭要88元。,5
这次全家游长隆动物世界，飞鸟园，海洋王国，观大马戏。全程虽有点辛苦，但全家老小心情大好！首先景点表演都数精品，精彩，震撼，开眼，兴奋，一票制很方便，想玩什么想看什么都可以，赶上我们运气好，游人不算特别多，排队多在几分钟，十来分钟即可，观赏也不用经受人头攒动的折磨。长隆的经营管理也特别值得称道，吃住行游环环体现以人为本，工作人员服务态度和蔼亲切，有问必答，未遇一个冷面孔，所以从走入长隆就如春风佛面，舒服！尽管门票加园内的饮食按国人的收入不算低，但物有所值！,5
很值得来，但是节假日的门票比平时要高哦,5
加钱换了位子，感觉很不错！能值回票价！,5
我们一家三口是下午五点钟到的广州，简单吃点饭，就直奔大马戏，看到晚上九点，确实没让人失望，太震撼了，很完美的一次旅程。,5
后来想订当日的大马戏票，被退了，因为说官方给的票有限，如不能订，可以提示标注。,4
电子票方便快捷，而且优惠，真的要多多活动。,5
多方比较后买了这个价格的票，给，孩子们玩的开心，虽然累些，还是值当滴,4
价格还可以的情况下就预定了门票，还不错，孩子们玩的很是欢快，给,4
听说很好，打算去，抽不出来时间，一定去，带着家人，，，，老婆孩子，朋友也可以组团去，顺便看一下传说中牛逼的港珠澳大桥，不知道能不能开内地私家车,5
不错名不虚传，不虚此行。野生动物园也很好。,5
一天玩下来，觉得很好，值得一游。,5
整体环境不错，酒店也不错，房间舒服，大厅很有特色，餐厅也不错。,5
玩的很开心缺点就是不能带自己的食物,5
你就坐下午茶时吧嗒吧，不会议记录一下子嘛,5
交通方便，取票便捷，非常开心的一天！,5
缆车游览动物园挺不错，霸王龙太逼真,5
长隆动物园感觉一般，珠海的长隆海洋世界还不错。,3
和父母一起去的，有很多动物和表演可以看，很不错的体验,5
可以，陪伴小孩去看看，让小孩了解一下动物知识。,4
设施完善齐全，游玩项目丰富多彩的一个综合性度假区，反正是我每年夏天的度假首选,5
就是早餐时间等太久，可能今天太多人吧,5
非常好，出票方便，省時，今次玩得開心,3
体验很愉快，宾至如归！服务很体贴，很人性化,5
从北门进先坐小火车浏览一下，感觉小火车比自驾游好，因为导游会解释每一种动物的品种和习性，还挺风趣幽默的。小火车下来向左走就可以直接坐缆车，有非洲丛林线、天鹅线等好几个线路，但是要下车换乘的，因为晚上还要看马戏，所以只乘坐了一条线就下去逛了，挺不错的设计~,5
1499订的野趣房间+欢乐世界门票。早餐都不含！而且房间装修摆设非常平凡，网络信号很差，百度都打不开！5星级的价格，两星级的服务！睡一个下午觉，两次敲门打扰客人，询问是否有清洁房间卫生。这你问客人干吗？！有没有清洁房间酒店职员不清楚吗？内部管理混乱！,2
携程还是很靠谱的。我表示高度满意。,5
不错挺刺激的，总体比别的游乐园好吧,5
酒店特别漂亮，适合带小朋友过来住，干净卫生，服务非常好，酒店有自助餐和美食小镇，吃东西很方便。,5
干净卫生，安静舒适，服务周到，小孩子很喜欢！,5
房间挺漂亮，小朋友很喜欢！！！,5
服务很好 房间干净。设施一应俱全！ 好评！,5
广州长隆动物园绝对值得带孩子来玩，动物种类多，也很活泼，还有缆车和小火车可以观光。,5
很满意，各项服务设施都很好，小朋友很开心。下次还来！！,5
动物园大同小异，无非动物数量大小，还有表演区别，园区环境很好。大马戏是重点推荐，现场看到底不一样，非常震撼，值得一看,5
熊猫酒店升级之后很新，而且没有味道！家庭房还有儿童床，这里前台服务很好,5
度假区功能齐全，不同群体都可以接受，有适合孩子的野生动物世界、大马戏等；适合成人的水上乐园等，度假区酒店有专车可以接送，凭长隆酒店等房卡可以便捷通行等，园内东西价格略高。,5
价格偏贵，环境优美！适合一家人或朋友休闲度假！,5
熊猫酒店特别好，前台服务特别满意，值得推荐,5
动物园太值得了 管理水平和香港也差不多了,5
房间挺漂亮，小朋友很喜欢！！！,5
服务很好 房间干净。设施一应俱全！ 好评！,5
广州长隆动物园绝对值得带孩子来玩，动物种类多，也很活泼，还有缆车和小火车可以观光。,5
很满意，各项服务设施都很好，小朋友很开心。下次还来！！,5
酒店服务不错，动物园小孩喜欢！,5
野生动物园很好！孩子们很喜欢，吃的差,5
很好！以后还会去，房间有些旧了。吃的没特色。,4
携程买票很划算，长隆很好玩儿的地方，赞,5
园区很大，玩的很开心，最后都没逛完。,5
交通不方便。。。。。。。。。。。。。。。,4
就是门票贵了，动物很多，很漂亮,4
酒店超级漂亮，设施很齐全，很适合带小孩子来玩。 孩子很喜欢哦,5
环境优美，服务态度很好，房间也挺整洁的，值得一去！phoebe,5
全国最大的亲子旅游区，很适合一家大小来旅游。交通方便。,5
酒店很新不知道评论里作精们怎么想的，对孩子来说设施很完善，也充满童趣，酒店服务员都很友好，走两步很近就到大马戏乐，是很不错的选择,5
国庆人太多，坐小火车和空中缆车排队时间长，里面吃饭很贵，又不准带吃的进去，建议合理安排游览线路，不浪费时间，多带些水去喝,4
十一小长假去了两天，欢乐世界和野生动物世界，很不错,5
酒店环境特别好，很适合带小朋友一起前来，可以在酒店看到小动物还有很多小朋友玩的地方，服务很贴心很暖心,5
投施齐全，小朋友玩得非常开心，真好,5
每次去广州长隆，都会先开车进去，近距离和动物接触呢。孩子非常的开心。 猛兽区是电网隔离的，所以，即能近距离看猛兽，也可以保证安全（工作人员直接在园里）。很好,5
不算这次，已经来过两次了，几年前的事，没想到几年没来，变化这么大，越来越好玩。多了缆车、机动游戏、4D电影什么的，对于小朋友来说，除了看动物，还有这些娱乐设施的话更加吸引，玩得不亦乐于。对于我自己来说，也不觉得无聊和累，只觉得时间不够，应该要早点进园。答应儿子和女儿，会再带他们来了，到时候住熊猫酒店，嘻嘻。,5
十一长假带宝宝出来玩的，虽然人很多，单没有想象中的那么多。宝贝玩的很开心,5
酒店环境，饮食方面都很好，下次还来。,5
环境很不错，房间设施齐全，吃饭内容也很丰富,5
景色很好，空气新鲜，是个旅游度假的好去处,5
非常好的酒店，生日有优惠，我们入住时直接升级了……因为六一儿童节的礼物,5
有史以来玩过最棒的动物园，看到了各种大批量的野生稀有动物，大熊猫、小猫熊、进门的火烈鸟等，值得玩1天。旁边的水上乐园也不错。 广州还推荐黄埔、珠江夜景、小蛮腰等,5
野生动物世界特别大，走下来很累。大马戏超级好看，强烈推荐！,5
飞鸟乐园离其他四个长隆景区有点远~人不太多，表演挺好,4
不太适合年龄小的小孩，不过有个隔音室可以过渡，出票快，直接门口自助机上兑换打印门票，景区饭菜一般。,4
周末带孩子家人一起去的，玩的好开心，是休闲度假的好地方。,5
自驾全程大约1小时，体验感受还是不错的。自驾需购票350/每车，感觉价格颇高。园区设计很好，很受小朋友欢迎，也可以学到不少知识，适合全家一起出游。,5
订不到七点半的大马戏只能买套票，不过订的熊猫酒店住宿，大马戏有酒店专享位置，很棒！,5
联票真的很方便，马戏七点半开始九点结束，什么都不耽搁。,5
取票很方便，一天玩不完，建议准备两天以上的时间。,5
孩子游玩的圣地，马戏精彩，动物繁多，亲子游必选之地！,5
还行，适合小学的小朋友去玩，考拉,5
***！,5
好好，很好，很好，很好，很好，很好,5
值得一玩，大人孩子都很开心了！,5
期待已久不虚此行，8月旺季，酒店和门票，餐都贵了点,5
有很多珍稀动物，指示牌很明确。,5
凑字吧大伙都知道！！！！！！！,5
凑字吧，大伙都知道！！！！！！,5
小孩觉的还是很好玩的，就是暑假有点贵好多人,5
小孩觉的还是很好玩的，就是暑假有点贵多人,5
野生动物世界，马戏都值得一去，非常惊叹！,5
***！,5
好好，很好，很好，很好，很好，很好,5
值得一玩，大人孩子都很开心了！,5
期待已久不虚此行，8月旺季，酒店和门票，餐都贵了点,5
有很多珍稀动物，指示牌很明确。,5
凑字吧大伙都知道！！！！！！！,5
凑字吧，大伙都知道！！！！！！,5
小孩觉的还是很好玩的，就是暑假有点贵好多人,5
小孩觉的还是很好玩的，就是暑假有点贵多人,5
野生动物世界，马戏都值得一去，非常惊叹！,5
***！,5
真是非常精彩绝伦的一场马戏盛宴，看得全场大人小孩都惊呼连连，特别棒！,5
人多票价贵，性价比很差，花这么多钱不值得，和其他类似度假区没区别，特点就是个大，里面游乐项目，坐车都得花时间排队，一天基本上是在排队旅游体验很差。,2
一个野生动物园就要一整天玩，还有的场馆没玩完,5
很不错，方便，快捷，经济，推荐游玩,5
好，领票方便，价格还有优惠。赞,5
真的很不错，比欢乐谷和迪士尼好玩多了。,5
真的很不错，比欢乐谷好玩多了。,5
长隆的服务非常欺负人，如果有什么吃亏的，你绝对投诉无门，不会得到任何解决，哪怕只是一句抱歉都不会有。长隆家大业大，不用在乎游客也很多人去。,1
适合暑假带上小孩去的地方，一个放松的好地方。,5
挺方便的，景区非得一整天时间才能玩好,5
带小朋友的见识下，不同的真实动物,5
不错，小孩大人玩得都很开心。玩水上乐园，提醒朋友们记得自带拖鞋。浴巾。泳衣。否则只有出钱了。大马戏很不错了,5
一个野生动物园就要一整天玩，还有的场馆没玩完,5
很不错，方便，快捷，经济，推荐游玩,5
好，领票方便，价格还有优惠。赞,5
地方很偏，后来才知道在地铁会江站附近有长隆到乐园的接驳车。景区地貌原始，树林茂密，里面除了鸟还有土拨鼠等别的动物，关键是有个很大的鳄鱼池，可以喂鳄鱼。时间充裕的话可以安排半天时间游玩。,4
比较适合带孩子去玩，里面有摆渡车，自己开车停车费挺贵的，还是自己坐公交去方便一些。,5
景区很好玩，小朋友玩的很开心，门票有点小贵,5
票型太多。就水上乐园的成人票而言，大门票标准价190，暑期特惠245，没有说明两种票价区别。我买的(动物园＋水上乐园)成人545。游玩结束了，再算门票价，发现门票分开买，怎么算都要＜545 是我头脑笨？还是携程套路深？,3
不建议小朋友去。动物形成了条件反射，没有了本性心里特别难过，小鸟明明可以飞走却不愿意。,2
总体好行 两个过山车都很过瘾 就是十环到6点准时关了没有坐上,4
珠海也去了，广州长隆也玩了，各有各的玩点，都挺好的。,5
园区各种好玩的，都不错，唯一上当的就是在野生动物园被出租车司机骗了（但跟园区没有关系），所以提醒从酒店打的去野生动物园的家长，千万别听司机忽悠说里面小火车要排很长的队，还要收费。其实都是骗人的，不要钱。我们白花了650元。,4
大马戏在熊猫酒店附近，表演很精彩，声光电效果好，还有演员和观众的各种互动。我们5点15分左右就进场了，占了个略好一点的位置，不过还有很多座位是vip席。各种互动也主要在vip席。,5
超好玩的，很刺激，值得推荐下哈哈,5
长隆旅游度假区不错，地方大。去了动物园，看了马戏很好玩，小孩子都喜欢,4
水上乐园夏季必去，来了广州不去长隆水上乐园就是损失。这个夏天我去了三次水上乐园，每次都玩得很开心。新的项目新的设备，help不断。,5
太好玩了，值得一去！！！！！！,5
***,5
广州市范围之内的热门旅游景点，平时人潮涌动，节假日更是人流如织。景区范围面积很大，可看点比较多，比如马戏，野生动物园，水上乐园等。,5
这个度假区非常大 游客也非常多 在这里会让你玩的很过瘾,5
非常值得一去的景区，尤其带孩子去,5
环境非常好！值得去一次！！！！！！！！！,5
值得去看看，我们去年八月份去的时候特别热，大家去一定要带一把扇子，住长隆酒店看大马戏的时候长隆酒店会有专门的座位，大马戏里没有空调，所以去广州长隆一定要带好扇子，一定要注意身体，去动物园的时候一定要看好孩子。,5
总体来说还是不错的，不过内部消费太高,4
好玩！更多欢乐尽在长隆欢乐世界,5
价格是很实惠，也因为实惠，人超多，每个项目最少排半个钟以上，所以下次一来就开个快速通道卡，要不是根本玩不了几个项目！表演还是很精彩，值得一去！,4
广州5A景区，值得游览，水上乐园，机动游戏，野生动物园！希望越做越好，也希望出更多惠民的票价或活动！情侣，伙伴同游很适合！,5
老板太贪，租个柜子要55，租个气垫要90,1
我是、一☺️☺️？这个月就、一切为了孩子而,5
这个度假区非常大 游客也非常多 在这里会让你玩的很过瘾,5
非常值得一去的景区，尤其带孩子去,5
环境非常好！值得去一次！！！！！！！！！,5
值得去看看，我们去年八月份去的时候特别热，大家去一定要带一把扇子，住长隆酒店看大马戏的时候长隆酒店会有专门的座位，大马戏里没有空调，所以去广州长隆一定要带好扇子，一定要注意身体，去动物园的时候一定要看好孩子。,5
长隆的大马戏真不是一般的精彩！,5
这个门票超值，人也不多，玩的酸爽！,5
除了小贵没毛病。小贵也就是说，不会特别负担不起的。,5
最喜欢的是火烈鸟、考拉、园内工作人员特别热情！,5
和他去的，那天刚好下雨了，没别的东西玩，不过还是很开心呢。,5
去了野生动物世界和欢乐世界，每个地方玩了一天，感觉挺划算的，大门票进去后就没有其他的收费了，值得一去,5
外面太大了，找了好久才找到门，周一也挺多人的很好玩,5
大家都对长隆评价非常高，包罗万象，就是一家三口去玩一个小项目也要小五百，大项目整一千左右，不是小贵是真贵啊！,5
广州番禺的长隆度假区超级棒，有野生动物园，无论是开车还是坐小火车游览，都是很有特色的体验，旁边还有欢乐世界和水上世界等等游乐场！就是在度假区里的酒店有点贵哟！,5
kehaolebuchuojiumenpiaoyoudiangui,5
大马戏表演非常精彩，特吸引小孩，座位如果没有买到vip或一等座可以选择普通座的第一排，和演员的互动更多，vip一等座就是撒玩具时都在他们区域，或者邀请观众上台配合演出也是从中挑选，其他也没什么特别的。普通座差不多4点多就已经开始陆续进场了，就是为了能占个好位置，我们还是淡季时去的，人已经很多了，之后到旁边饭店随便买点吃的将就下,5
太漂亮了！太好好看了！下次一定去,5
长隆我一直比较喜欢，干净，环境挺好，就是贵了一点,5
值得带孩子们去玩。但是水里消毒味太大。建议穿长款泳衣,4
除了越来越贵，成本越来越高，其他没毛病。国内野生动物园的先驱，配套设施完善，环境优美，孩子可以和动物们近距离接触，让人去过还想再来的地方。,5
好玩，孩子很喜欢，下次有时间还要去,5
好，很好玩，园内也很好，玩的很开心,5
好，非常方便，园内也很好玩，很开心,5
是啊……这么些不同寻常路与新歌,5
长隆的设施不能说得上国内最好的，但其服务能力和水平（软实力）应该在大型综合游乐场里无人能出其右。,5
适合全家亲子出游，入住长隆旗下酒店能享受更多实惠服务，性价比嘛～因人而异，不过带小宝宝出行，方便便捷还是第一位的，宝宝开心就不虚此行,5
长隆旅游度假区，国家级AAAAA景区，占地面积1万亩，是一家集旅游景点[1]、酒店餐饮、娱乐休闲于一体的大型企业集团，坐落于羊城广州。 旗下拥有长隆欢乐世界、长隆国际大马戏、长隆香江野生动物世界、长隆水上乐园、广州鳄鱼公园、长隆酒店、香江酒店、长隆高尔夫练习中心和香江酒家等9家子公司。,5
值得去，订的酒店套票，环境又好，还有免费巴士接送，还会再去,5
一般，动物很少，和上海野生动物园比物不美，价不廉,3
美！适合小孩去玩的地方，家庭游好去处，也是我看到的小孩最多的五星级酒店,5
跟同事一起过来的，马戏表演很精彩，杂技表演的时候真的是悬着一颗心啊……感觉可以弥补童年的缺憾了,5
很好玩，动物很有活力，场地行程安排很合理，喜欢,5
还不错，小孩喜欢。以后可以住里面酒店,5
小孩子的最爱，三岁以上到六岁比较适合,5
长隆旅游度假区，地处广州番禺。被誉为“中国最具国际水准的野生动物园”，是全世界动物种群最多、最大的野生动物主题公园。,5
景区还好吧，只是下午离园时区间巴士慢的要死，明明从北门到南门只有几分钟的车程，不知道为什么二十几分钟还没有车到，大批游客滞留在车站，服务还是太不到位。,3
这是个好地方啊，旅游度假好去处。,5
应该是国内最知名的野生动物园了，因《爸爸去哪儿》节目而知名，环境优美动物种类繁多，值得一游。,5
广州值得骄傲的地方，旅游好地方。,5
去长隆玩的好住处，离玩的地方不远,5
超级好玩，动物都是散养的，和其他动物园这真的不一样,5
很好玩，动物很有活力，场地行程安排很合理，喜欢,5
还不错，小孩喜欢。以后可以住里面酒店,5
景区很集中，交通方便，地铁巴士都能直达，马戏很精彩，值得去看,5
非常好，领儿子去的，儿子玩得非常开心，以后有机会一定要再来,5
广州长隆度假区，那次去，头晕晕的，也没玩到什么，不过里面的游戏挺多的,4
总是看到广告，看上去很不错，准备明年去,5
很适合带小孩去玩，性价比非常好，值得去,5
比北京野生动物园好多了，虽然门口取票的人很多，但是园区面积很大，并不感觉拥挤。摸摸超可爱的考拉，看看白虎跳水表演，坐着小火车逛逛园子，非常不错！,5
里面超大，一个园区玩一天感觉都不够，没去过的朋友可以来玩哦,5
过山车（有两种），惊险刺激，年轻人应该体验一下。,5
广州长隆野生动物园不愧为中国最大动物园 里面的植被做的很好 在里面参观动物很有感觉 现在又有空中缆车可以坐 在上面就可以看到很多动物的形态 还能看到熊猫三胞胎帅帅 酷酷和萌萌,5
第一次来，经过熊猫酒店觉得非常的漂亮，住的长隆酒店有点老了，但是因为园内有动物还是挺不错的,5
虽然贵了点 但绝对值这个价钱 玩的很爽,5
欢乐世界非常好玩，垂直过山车特别过瘾，其他的也玩的很开心。野生动物园也不错。,5
长隆度假区游玩景点比较集中，省去很多舟车劳顿，野生动物园很大，动物品种很多，有可爱的熊猫，凶猛的老虎，欢乐世界有最刺激的垂直过山车，马戏团有惊喜的表演，各个景点相互辉映，很值得一去。,5
建议领孩子去长隆玩就住长隆熊猫酒店，带门票带饭店里面美食小镇餐卡，还有酒店里面礼品商店代金卡，去园区拿着房卡有快捷通道不用排队。,5
长隆度假区里面有不少酒店，我们这次是住在熊猫酒店，这里比较适合带孩子的家庭，可以免费提供婴儿床，只是酒店里的自助餐比较贵，很多人对放弃在这里就餐，酒店不远处可以步行到度假区外边，有不少味美价廉的餐馆，又有打包服务，所以很多人在这里打包回酒店。,4
一个三年前去了，现在还想去的地方。一个字美。,5
长隆游是被坑得最惨的，票价贵（动物园+大马戏票价610元）就不用说了，园方根本是为了赚钱不考虑游客利益，人挤得根本没心思看动物了，白花钱了，但大马戏是不错的。,1
说一下这一次长隆之行的经过，希望可以为后边到长隆游玩的朋友提供有用的建议，这次是专门到长隆野生动物世界来玩的，时间是一天时间，携程门票价格295，还买了快捷通道票100元，每个人花费395元。野生动物世界的园区很大，即使你走的再快一天时间也无法全部玩遍，我们到园区后先是去坐了空中缆车，大家坐缆车注意是有两条线路的，只有两条线路全部坐完才能浏览完整个园区，可以从高空看一下动物世界的各种动物。坐完缆车之后其实我建议在去坐一下小火车，可以从地面再逛一遍整个园区，非常有必要我是没有去坐小火车直接去游玩了。进入园区的时候入口处有地图，大家可以仔细研究一下，挑一些位置比较接近的地方有选择性的看动物，我主要是看了猴子，天鹅，老虎，考拉，长颈鹿，大象，熊猫。还有快捷通道100元的票绝对超值，特别在人多的春节期间，真的节省了太多时间。还有大家去玩的时候带水就好，里面是不可以带食物进去的，没办法午餐只能在里面的餐厅吃了，那个价格你懂的！说的差不多了，希望对大家有用。,5
可以和迪斯尼相比的中国最好的游玩综合体！有动物园，水上乐园，欢乐世界，珠海还有个海洋世界，超级棒！,5
非常不错的度假区，几个主体乐园非常值得去,5
虽然贵了点 但绝对值这个价钱 玩的很爽,5
值，很值。大马戏超级好看，逛了一天的野生动物园，极其累，但大马戏一开场，整个人都被带动起来了，不停的拍手鼓掌。,5
很适合亲子游，里面的设施都很新，玩得很开心。本来是觉得有点贵，但里面真的是好大，果断买了VIP100元，坐空中缆车，小火车，熊猫4D电影都不用排队，。里面的动物品种很多，我个人最喜欢的是熊猫乐园，里面的4D电影很赞。儿子但是很喜欢侏罗纪公园，虽然都是假的恐龙，但做的效果都很逼真，玩得不亦乐乎。野生动物园里面是不能带食物进去的，外面都有人员检查包包。每个时间段都会有表演，很专业很赞，碰到有表演的，可以驻足观看，还会有礼品赠送。,5
首先，节假日的门票和大马戏的票1⃣️定要在网上提前预定，取票机器多也方便；其次，不能带食物进园，园内的食物很贵，一份干炒牛河78元；最后，优先手环1⃣️定要买，一周岁以上每人100，这个钱值。有快速通道的项目都可以使用。,5
人太多了，尤其是动物园，根本看不到啥，缆车小火车都要排很久的队,4
玩得很开心。专车送达，很方便，也很便宜，总之很满意。,5
大马戏值得一看，还有野生动物园,5
不虚此行，景区工作人员很热心。,1
可以，值得一去，小火车和缆车票价钱都包括在门票里了，还是划算,5
整体低于预期，园区绿化不错，动物观赏性一般般,4
园区规划布局不够合理，参观区不连接，坐小火车排队没有提前预告多少人，排上队才发现至少2000多米还没看到希望，都是弯曲通道，人群里老人和孩子都非常累，觉得台坑了！管理超差！,2
听朋友推荐很久了，终于拔草。很适合小朋友，动物多，一天逛不完，为什么不像珠海一样卖两日票呢,5
挺不错的旅游地点。环境好，项目齐全，交通方便，其乐无穷。,5
还行，项目算比较全吧。适合大点的孩子。平日快速票没必要。,4
长隆旅游度假区，国家级AAAAA景区，占地面积1万亩，是一家集旅游景点[1]、酒店餐饮、娱乐休闲于一体的大型企业集团，坐落于羊城广州。 旗下拥有长隆欢乐世界、长隆国际大马戏、长隆香江野生动物世界、长隆水上乐园、广州鳄鱼公园、长隆酒店、香江酒店、长隆高尔夫练习中心和香江酒家等9家子公司。,5
今天去的比较早，所以乘小火车和缆车不是很挤，后来就排了很长的队伍。动物种类很多，各种表演也不错。就是地方比较大，带了小孩走的有点累。总体感觉还行。,5
吃的很满足，菜品丰富，还能看白虎和火烈鸟,5
感觉来了就是给长隆**一样！里面东园超贵！也没什么动物看！,1
可以，值得一去，小火车和缆车票价钱都包括在门票里了，还是划算,5
整体低于预期，园区绿化不错，动物观赏性一般般,4
里面的各种珍稀鸟类真不少！百马飞歌的表演令人难忘，鳄作剧很惊险、幽默！飞鸟奇域长知识，增添趣味！喂食不同的鸟类和小动物食物，更是小孩子的割舍不掉的情结。总之，大人小孩都玩得很开心！,5
很好玩。园区服务很周到，线路设计合理。,5
非常喜欢，可惜好多项目小孩身高不够玩不了，过山车太刺激了,5
很好，非常方便！孩子玩的开心！,5
很好，非常方便！孩子玩的开心！,5
很好，非常方便！孩子玩的开心！,5
很好，非常方便！孩子玩的开心！,5
值得推荐的一个游玩地方地方，大家有时间可以去下,5
可能时间长了动物都有点被训化的感觉了，价格偏贵。,5
酒店大堂内就能自助取票，很方便。,5
广州塔不错，非常美丽，展现了我国劳动人尼的精湛技艺。,5
立春去水上乐园可以吗？,5
动物很全，园区管理也非常棒，不让自己带吃的，园区里有吃饭的地方，很适合小朋友来玩,5
非常喜欢这个值得一玩值得推荐这家,5
广州长隆真心是个好地方！景区美、服务好、规划更赞！感觉上海野生动物园真的可以向他学习借鉴一下，毕竟人家有20年的历史了。,4
预定速度很快，游乐设施一应俱全，我们玩得很开心。,5
预定速度很快，游乐设施一应俱全，我们玩得很开心。,5
预定速度很快，游乐设施一应俱全，我们玩得很开心。,5
预定速度很快，游乐设施一应俱全，我们玩得很开心。,5
刺激的项目很多，宝宝有点小玩不了，我也不敢坐，还是比较适合情侣，有点浪费,5
广州塔不错，非常美丽，展现了我国劳动人尼的精湛技艺。,5
立春去水上乐园可以吗？,5
动物很全，园区管理也非常棒，不让自己带吃的，园区里有吃饭的地方，很适合小朋友来玩,4
去年带上我家的小朋友就去过长隆水上乐园啦！有冲浪，有打水枪，有大滑梯。看着他玩的不亦乐乎仿佛自己也回到童年。今年我们还计划再去一次的。,5
这里是孩子的天堂动物种类灰常多自驾游看动物 完美小动物很热情❤️长颈鹿看到车子也不会怕会很优雅的很悠闲地走过车子大熊猫憨厚可爱值得一提是，平时爱睡觉的这次很幸运的看到了它醒的样子园区里还有游乐场可以供那些走累了、困了的小宝宝们玩耍这里绝对是假期必玩的景点zan✈️,5
很好，门票折后很便宜，跟朋友玩一天很high,5
一切成空壳而已。我是张敏仪、一些地区经济体制度,5
感觉去到广州珠海一带，就必去场隆啊,5
说的过分低调低调打个让人丰富的,4
***,5
作为全国最出名的旅游度假区之一，好玩当然是必须的，野生动物园，欢乐世界，水上世界，各有特色，这个时间水上世界还没开放，期待夏天再来玩。,5
咳咳，经典游玩胜地，目前没有其他，去过几次后也就那样了,4
很喜欢这里，带小孩和老人来很好,5
长隆的景区都很好玩 离深圳也近,5
马戏、野生动物园、水上乐园、欢乐世界都在度假区里，有接驳车穿梭在各景区和游乐场之间，还有专车去火车站、地铁站接送，服务很周到，就是吃饭的价格相当贵,5
管理很不错，分成几个园区，停车场很大。,5
很好，不用担心不安全的问题，长鼻猴和白虎都是在别的动物园没有看到的，推荐大家去做免费的小火车，非常好，当然自驾进去会更好吧,5
垂直过山车非常刺激，值得一试。,5
神龙系列有旅游度假区野生动物世界，大马戏,5
长隆系列有旅游度假区野生动物世界，大马戏等等,5
"取票方便快捷，很优惠，伙伴们玩的很开心，如果提前预定自助餐感觉可能会更好些,人多热闹，遗憾时间不够，好些游戏都没玩到，只能下次再去玩个遍",5
飞鸟乐园就很好，环境好，人又少,5
挺好玩儿，就是过年去的人太多了,5
去了很多次了 第一次在携程买票 挺便宜的,4
欢乐世界很好玩，大人小孩都能玩，适合全家一起去,4
园区很大，酒店，动物园，欢乐世界，水上乐园。在园区里玩4.5天都不带重复。很棒！,5
非常好非常好肥哈哈哈哈哈哈哈啊啊啊啊啊,5
很满意的一次体验，可以和动物们近距离接触，感觉真好,5
神龙系列有旅游度假区野生动物世界，大马戏,5
长隆系列有旅游度假区野生动物世界，大马戏等等,5
设施不新，配套也不算跟得上，整个园区没有什么创新，电影类视觉类的希望有所改进。,4
可以看到很多动物，可以自驾进去，方便开车的人，里面环境是不错的，园子挺大的，高铁站还有接驳车，挺方便的，总体感觉不错，值得一去,5
餐厅多，吃喝玩乐非常方便！不出酒店也可以很惬意！,5
好玩喔 找机会还会去的 ～～～,5
名气比较大，但是地理位置不太方便，我是提前一晚住到附近了，如果没有私家车，要走好远才能进去。景区里面的动物饲养的都很棒，比起很多动物园都更好，值得去，但是如果不带孩子，除非特别爱好看动物，成人去还是会显得乏味一点。,4
很好啊，就是里面的东西太贵了，分量也少。一个饭差不多一百块，还有就是不能带食品进去，好坑,5
广州周边的一个大型旅游度假区，是国家5A级景区，有几个主题公园，都很好玩，但门票比较贵。,5
很好，玩了所有的过山车，非常愉快的一天,5
挺好，大人小孩子都适合，动物园体验非常棒,5
水世界，动物园，大马戏，太过瘾了，强烈推荐,5
不错不错，挺好玩的地方，可以带家人去玩,5
可以可以，希望下次再便宜一点。,5
這度假區好大，裡面有三間長隆本身經營的酒店，旁邊都有各式各樣的吃的，酒店裡面各有特色跟活動，但是房間裡面裝修陳設就比較簡單，馬戲表演不錯但是票價比較貴，園區裡面好玩也有海洋生物，晚上表演非常好看壯觀,5
太刺激了，玩的很开心，下次去野生动物园,5
适合家庭一起出门游玩的地方，有刺激的有好看的。,5
长隆欢乐世界太有趣的，要玩水有水要看动物有动物园，要看表演有大马戏，你想要的都有，在度假区五天把它玩个够吧,5
还可以，不错，只是节假日人太多，排队时间有点久,5
长隆旅游度假区有不少景点，野生动物园，水上乐园，欢乐世界等,5
这里是休闲度假的好地方，放松心情的伊甸园！,5
里面有长隆水上世界，长隆动物园，长隆欢乐世界晚上还有马戏团。,4
长隆野生动物园名气很大，早几年迁就想来，终于有机会来玩，心里非常的期待。耳听为虚，眼见为实。,5
价格稍贵，但是绝对不虚此行，很棒,5
没有想象中的好玩，表演很精彩，值得观看～游乐设施感觉还没上海欢乐谷好玩，很多项目欢乐谷也有～长隆马戏表演不错,4
很好很刺激，拿票也很快，不用排队,5
地方很大游玩的景点也多一天估计不够,5
值得去很漂亮，不枉此行！值得去很漂亮，不枉此行！,5
长隆欢乐世界值得一去，园内二十多个游戏设施，适合一家老小和情侣，假期放松，这是一个好去处。只是，排队时间也得一小时左右，亲们，可得记得买上充电宝。当然，等待的结果不会让你失望，带上你的尖叫声来长隆吧！,5
很多人，都是全家来的，想来玩最好避开节假日,5
这里是休闲度假的好地方，放松心情的伊甸园！,5
里面有长隆水上世界，长隆动物园，长隆欢乐世界晚上还有马戏团。,4
长隆野生动物园名气很大，早几年迁就想来，终于有机会来玩，心里非常的期待。耳听为虚，眼见为实。,4
长隆旅游度假区真的很不错的哦！,4
每园都要去一次，好玩又刺激，下次还来,5
去了还想去，酒店好环境好，娱乐活动多,5
长隆酒店是目前南方服务最差的酒店 没有之一 酒店前台没有培训，业务不熟悉 办理入住累计换了3个人。耗时120分钟 礼宾部送行李的比我还着急，房卡没拿到就催了,1
去过广州长隆去过珠海长隆，长隆，适合三口之家经常去的地方，住宿推荐住里面,5
配套齐全，可选择多样，交通方便,5
它包括长隆欢乐世界、长隆水上乐园、长隆野生动物世界、长隆国际马戏大剧院、广州鳄鱼公园等景区，欢乐世界是个大型游乐场，大马戏是看表演的，园区非常大。,5
园区很大，一天游玩不够的，设施很不错,4
适合一家大小去休闲娱乐游玩的好地方，园区很大，几大主题区总有一个适合你,5
出票很快，宝贝们玩得很开心。一家人出游,5
特别的多人，玩一个游戏排队就排了2个多小时，不过还是好刺激的，节日气氛不错,5
住在长隆酒店 去各个地方都比较方便 但是外卖不可以进度假区 所以只能在度假区里吃,5
不错，值得一去！,5
这里很好玩，游乐场东西很多，随便玩,5
很好玩，每年都必须要去的地方，尤其是水上乐园，从早上玩到晚上，有些项目如果人不多还会多玩几次，例如大喇叭等等，里面即适合大人也适合小盆友。,5
孩子非常喜欢，玩的非常开心，即可以看动物，有长知识，非常棒的景点，还有小火车一定要坐，很不错，可以近距离接触动物。非常好！,5
最靠近市区的景点，可以方便登高望远，人不多，慢慢往上走走，欣赏沿途市区风光，还是挺不错的享受。交通很方便，公交车有直达。,3
我们想着示意会很多人，没想到人不是很多，很棒,5
去过一次 宝宝还期待再去 动物园 水上乐园玩不够,4
长隆暂时去过欢乐世界。欢乐世界超好玩超刺激超嗨皮,5
去的N次 一如既往吧逐渐有点旧了,5
互动设计的非常强，很不错的乐园,5
值得去的好地方，带上孩子一起玩,5
挺好的地方，很大很大，动物也多，就是太热了，腿都逛疼了，好评,5
很棒！推荐野生动物园！小老虎太可爱了！,5
景色人文没的说，服务也贴心，很适合家庭亲子游,5
整体而言园区弄得不错，景色优美，动物园和水上乐园都很好玩。价格不算便宜，性价比一般。尤其是园区内不让带任何吃的东西进去，园区内的餐饮又极贵，这点不好。,4
长隆水上乐园客服非常好，本人遗失手机，他们都能帮我找到并保管好，一百个赞,5
很棒的度假酒店，绿化覆盖率高，环境很好,5
长隆，我的最爱！性价比高，很适合周边自驾游。,5
玩的还可以，跳楼机一般。设备比较新。,4
整体而言是不错的。之前高铁站有凭借订单直接送去长隆园区的大巴，现在没有了。这一点需要更加注意。不过可以坐地铁前去，很便宜也很快捷,5
十一期间，野生动物园排队人很多，但是景区组织得还好，队伍基本一直都在不断行进缩短中，让人不容易感到不耐烦。大马戏非常精彩，但是其中杂技的内容好像站比较大，希望动物的表演还能更多一些。,4
动物园、大马戏、欢乐世界、水上乐园、酒店都在一起好方便！,5
因为没睡觉，所以没玩多少项目，下次一定要去好好的玩儿,5
动物园太大，逛不完…尤其是女孩子,5
很好玩 都非常激情 下次有时间还去,5
景色宜人，空气清新，项目齐全……,5
很棒的度假酒店，绿化覆盖率高，环境很好,5
长隆，我的最爱！性价比高，很适合周边自驾游。,5
51去过，真心人多，天气又热，,5
服务己算的上国内上等等级了，但在服务细节上做得不夠细致，园区内占地面积大，游乐设施很好，值得这个价，建议园区内各个餐厅提供素食餐饮，值得一玩。,4
位置不错，很多公交车都回到这里。这里风景不错，绿化好，空气好。,5
不错的景区里面景点很多，然后游玩的内容也很多。晚上还有演出可以观看。所以一整天，从早到晚都在里面。,4
冬天去玩的，碰到了百年不遇的冰雹，好处是没什么人，玩所有的项目都不用排队。动物园自己开车转，也是挺有特色的。除了宾馆房间比较贵，简直是完美的度假地点。,5
可以开车去，也可以坐地铁去，在园内可以步行也可以坐小火车或者缆车，动物种类还比较多，,5
看海去，景点特色，值得一去。！,5
很大，环境很好，以后还会再来的，推荐,5
不错的景区里面景点很多，然后游玩的内容也很多。晚上还有演出可以观看。所以一整天，从早到晚都在里面。而且地铁也可以直接到，所以交通也比较方便。,5
适合一家大小亲子之旅，很好玩很有趣,5
亲子游，在国内乐园里面算不错的，但性价比不高，酒店最多四星标准收了五星的价格，乐园的项目也没啥创意，表演倒是值得一看。,4
长隆景区里面应有尽有，适合全家老小旅游度假。吃喝玩乐在长隆。,5
动物非常可爱.野生动物非常多.马戏非常好看.期待下次再来,5
当天订票，当天就可以取到，很方便,5
非常值得去，大人小孩都适合，超赞,5
长隆马戏表演以杂技居多，动物表演很少，有种名不副实的感觉。,5
长隆真的很大，动物种类繁多，讲解员介绍也很详细，玩起来比较累。,5
长隆旅游度假区很大，绿树成荫，环境幽雅，吃喝玩乐应有尽有。暑假期间酒店还安排了些特别节目，大堂里请了黑人团队表演小杂技，就是人多、小孩闹。,4
长隆值得一玩！！！！！！！！！,5
适合一家大小亲子之旅，很好玩很有趣,5
几个景区比较集中，可以分好几天分别去玩！孩子们肯定喜欢！,5
酒店配套好，适合亲子游。想要深度玩好最好安排3天。,5
说不好吗？大家趋之若鹜。而且我也慕名而来了。整体管理没得说，印象深刻的有两点，第一，树木那么多的地方，蚊子基本杯治理干净，人流量如此巨大公厕无异味。第二，景区不让带食物，里面一份便当68，你懂的。值得一来。,4
差评，跟演出无关，根本都没看到演出，因为订错票了，都不给退票,1
看了大马戏，非常震撼，效果不错,5
每次不管是朋友还是客户过广州，都会极力推荐他们到长隆玩，一开始，你可能会觉得门票很贵，但是当你到了长隆之后，你会发现物有所值！,5
在长隆有不一样的体验，酒店一流，最开心的是每个服务生都面带微笑百问不厌。这次赶上突发事件，服务也是很到位的！喜欢长隆酒店，虽然价格的确贵，但是让你花的开心，孩子也非常喜欢。,5
不错哦，强烈推荐！很好很好,5
好玩，推荐推荐推荐，不错哦推荐,5
一家人可以痛痛快快的在这里呆上几天，好好放松还不错！,4
值得一玩。就是暑假人有点多。下次还去。,4
适合大人小孩游玩 还有免费缆车哦,5
景区大 游玩观赏动物的地方多 还有免费缆车,5
平时去的，人不多，小朋友很喜欢，最好的就是景区内的长隆酒店，非常不错,5
长隆旅游度假胜地太棒了！有游乐场，野生动物园，水上世界等等，里面设施也非常先进，管理科学，住宿酒店也很棒！还会再来的！,5
值得一玩！小孩子最喜欢去那玩耍,5
节假日人真的真的好多多，不过表演确实赞,4
院子挺大，人还真心不少，就是排队的时间超级长，想去玩的朋友，真心要提前做好心理准备。,5
欢乐谷整体一般，门票价格偏高。野生动物园不错，环境优美，设施完备，适合不同年龄阶段游玩，值得去。,4
一家人可以痛痛快快的在这里呆上几天，好好放松还不错！,3
带孩子玩的，孩子玩得特开心！可以和动物飞鸟近距离接触,5
早就听说很好玩，计划带小朋友去玩,5
靠近广州南站，有好几个旅游景点，包括动物园、飞鸟乐园、欢乐世界、水上乐园，每个点都能费一天功夫，绝对值得来！地踢3号线有短驳车去各个地方，很不错！,5
景区优美，景点集中，服务热情周到，有免费巴士通往各个景点！人流高峰期巴士摆渡也很及时到位，长隆集团打造这个项目非常成功！,5
想再去一次，虽然已隔了三年，但是我还想再去。,5
带孩子去的！小火车玩得开心！走路有点累！吃东西贵！,5
很酷很棒，特别适合小孩子玩的开心,5
门票贵啊，也就自驾的一段有点意思，步行观光的没什么意思，和深圳动物园差不多,5
非常不错，景致好，服务也不错，唯一的遗憾就是娃儿太小了，绝大多数项目不能参与,5
很好玩的游乐场所，一家大小都适合而且项目也多，最主要的是人很多每个游玩项目都要排很久的队。,5
白虎餐厅的就餐环境很棒！餐品也很正，海鲜新鲜不含糊。龙虾好吃不限量，这对我来说太重要了！虽然我不愿意承认我在白虎里吃了包子和稀饭，但我必须说它们太值了，看着包子的造型，品尝着鲜美的海鲜粥，我完全不后悔在白虎里吃它们！,5
广州旅游景点之一，也是必不可少的。,5
自驾车区看到的猛兽离得太远，不够刺激,4
非常好玩！网上定价格也合适！！,5
千万别再节假日去，排队排得让你怀疑人生！而且价格太贵，性价比一般般,4
很好的~干净玩的超级爽~啦啦啦啦~,5
动物园超赞，是亲子游的好去处。,5
高大上，亚洲最大最美最有活力的景区,5
亲子游两天入院很方便，实用物美价廉！！,5
很好玩的游乐场所，一家大小都适合而且项目也多，最主要的是人很多每个游玩项目都要排很久的队。,5
住在长隆酒店，去各个景点都有直通车，很方便，白虎自助餐厅自助种类多，很丰盛，酒店服务非常好，游玩完长隆后可以坐船到香港继续旅游,5
非常好的地方，孩子很喜欢，老少咸宜，百去不厌,5
暑假带孩子玩的好去处 各种的水上娱乐设施让他过足了瘾 只是好玩的几项需要排队 很长的队 这个比较烦 但是暑假孩子们玩的地方都这样…,4
大人和小孩都玩的挺开心的，下次还想去！这次亲友团不给力，没有把所有项目玩完！如果有机会一定把所有玩完！,5
这个度假区很大里面包含了很多个游玩的地方，个人认为比较好的就是野生动物世界或者欢乐世界，整个度假区都有免费班车，就算是走着也不算很远……一路上都是植被也不算是很晒,5
一定要带小孩去过一次的地方！非常棒！,5
超值的 一次出游，环境很棒，动物很多，体验不错！,5
不得不说长隆度假区每个做的都是精品，集合知识性趣味性一体，酒店也是充分利用了野生动物世界的元素。,5
非常值得一看，热情欢呼，现场气氛更浓愈，音响，布景，空中飞人，目不暇接，，大赞！真正是国际大马戏，建议外地朋友来广州，绝对是个必备参与项目，尤其是节目表演期间，穿插着与观众的亙动，很有趣。带动现场氛围，呼声呐喊不断。,4
亲子游两天入院很方便，实用物美价廉,5
女儿开心极了，可惜天气太热了。,5
第一次玩，感觉好好，没有玩之前以为自己怕刺激什么都不敢玩，真当你玩了时其实也没有什么，很值得，好开森也开心，谢谢也成为过往的你陪我度过美好的一天，放下心态做朋友真的挺好的比做恋人好，真的放下了，也祝你幸福,5
非常著名的旅游景点，玩的好开心，非常刺激！,5
陪孩子玩的，好地方，下次还去！,5
总体来说不如珠海长隆那么好。一来相对陈旧，二来管理比较混乱，工作人员的态度也要差些。长隆酒店就远不如珠海长隆的横琴湾，度假区内的接驳车路线不合理人员拥挤不堪。野生动物园的水平也很一般，不想珠海长隆的海洋馆那么出类拔萃。,3
很好玩，很适合家庭亲子游。一定要住长隆酒店，玩起来才嗨,5
整个长隆～吃喝玩乐都覆盖了～～,5
很刺激，想玩的都玩了，除了u型滑板，不是假日去的，人并不多，基本没排队，垂直过山车没有想象的恐怖，相对来说十环过山车更刺激，就是颈椎不好，晃的脖子有些疼。小朋友玩的项目挺多的，玩的很开心。各个园区之间有免费巴士，很方便的。园区内消费有些贵，还有小丑活跃气氛，很不错。,5
非常的棒，有机会一定会再去。。,5
今天主要说说广州长隆酒店。我们住的是3200块每晚的家庭套房。房间给我的感觉就是：设施陈旧 卫生死角太多全是尘土 住了两个晚上被未知的蚊虫叮咬了六七个大包 很红很痒！这个价格就算是住丽思卡尔顿或四季酒店也富富有余，当然我完全理解这是景区酒店位置很赞但是连最起码的卫生都不能保证的话就说不过去了！反正我以后是不会再住了！和珠海长隆酒店对比简直就是天地之分，珠海我们住的是100平米的套间还享受行政楼层待遇可是在广州长隆酒店连个早餐都不含！过分！,1
很大的一个旅游集团，可以玩上一整天。,5
唯一可惜的是140以下小朋友不能玩过山车。,5
大人孩子都喜欢的地方，很不错，要早点出门，人相对比较少。,5
不错，好地方，一个还会想玩的地方。,5
游乐园，马戏，水上乐园，动物园，都玩了个遍，好玩刺激,5
"长隆旅游度假区,是一家集旅游景点 、酒店餐饮、娱乐休闲于一体的大型旅游度假区。",5
整个长隆～吃喝玩乐都覆盖了～～,5
很刺激，想玩的都玩了，除了u型滑板，不是假日去的，人并不多，基本没排队，垂直过山车没有想象的恐怖，相对来说十环过山车更刺激，就是颈椎不好，晃的脖子有些疼。小朋友玩的项目挺多的，玩的很开心。各个园区之间有免费巴士，很方便的。园区内消费有些贵，还有小丑活跃气氛，很不错。,5
非常的棒，有机会一定会再去。。,5
今天主要说说广州长隆酒店。我们住的是3200块每晚的家庭套房。房间给我的感觉就是：设施陈旧 卫生死角太多全是尘土 住了两个晚上被未知的蚊虫叮咬了六七个大包 很红很痒！这个价格就算是住丽思卡尔顿或四季酒店也富富有余，当然我完全理解这是景区酒店位置很赞但是连最起码的卫生都不能保证的话就说不过去了！反正我以后是不会再住了！和珠海长隆酒店对比简直就是天地之分，珠海我们住的是100平米的套间还享受行政楼层待遇可是在广州长隆酒店连个早餐都不含！过分！,1
非常刺激，有时间还会再来，周边酒店也很干净,5
预定很方便，景点不错，玩的很开心。,5
国内最好的度假乐园，有动物园、大马戏、水上世界，欢乐世届等等，是亲子游的好去处，宝贝已经来过两次了，玩的很开心。,5
野生动物园太大了，一天逛不完哦,5
第二次来长隆度假了，孩子玩的很开心，酒店去各个景点也非常方便，有免费的百度车，服务员态度非常好，能够给与相应的指定，方便出行,5
整个度假区很大，进去除了汽车没其他方法,5
过山车超刺激，食物也挺好吃的，快速通道真不错,5
实在太好玩了，因为雨天的缘故，上午人很少，我们一个项目玩了三遍才换其他项目，咯咯。里面的饭也很好吃，一人份的餐可以吃的很撑。,4
非常好玩儿，孩子说还要来玩儿一次,5
舒服，舒适，喜欢这里的一切，度假好地方,5
超赞，景区内有免费穿梭巴士来往各个景区和附近的地铁站，超方便。不过，消费也蛮高的。,5
今天才去的，非常出名，领家人过来看看，特别好，有很多线路提供给大家来选择٩(♡㉨♡)۶自驾游还可以自己开车进景区！！！非常适合和家人一起出游，老少皆宜！,5
顶级的度假区，配套的游乐场和动物园令小朋友人乐而忘返。,5
很好的一个去处，行车能于让你领略五大洲的动物，步行能让你流连忘返……,5
还不错，跟女朋友一起去的，玩得很开心，主要是非让穿泳衣有点不爽,4
带着小朋友去游玩，还是挺不错的，推荐,5
孩子大了又来玩，超喜欢水上乐园,5
很好，来广州值得一去的好地方！！,5
长隆的客户体验是很棒的，无论是动物园里的动物，还是酒店的服务，这是它取胜的重要原因,5
快捷，方便，动物园也挺大挺好！！！,5
好，孩子挺喜欢，挺大的！！！！,5
不错，大马戏好评～～～～～～～～,5
不错～～～～～～～～～～～～～～,5
还是不错的，小朋友喜欢的，有特色,5
很喜欢去长隆，大人和小孩都可以玩,5
很喜欢去长隆，大人和小孩都可以玩,5
孩子大了又来玩，超喜欢水上乐园,5
很好，来广州值得一去的好地方！！,5
长隆的客户体验是很棒的，无论是动物园里的动物，还是酒店的服务，这是它取胜的重要原因,5
长隆这么多年了！就一个过山车和大摆锤玩的，其他的真的没有兴趣。另外，这个票价还真不如去广州其他景区,2
还不错的地方，带着孩子玩了一天，收的有点早了，有些动物还没有看到,4
对于孩子来说还是挺好玩的地方，动物比较多，有些其他的地方没有，比如考拉,4
带着孩子们暴走了一天，还是值得一看的，就游乐项目稍微有点弱喔,3
太大了！寶貝們很喜歡！！,5
值得去，建议园区内大巴多一些，时间在马戏结束后。,5
还行，不错，适合小孩子游玩！！,5
气氛很好，游乐设施很多，很尽兴,4
环境很好，娱乐项目很全，值得一去,5
长隆旅游度假区，地处广州番禺。公园以大规模野生动物种群放养和自驾车观赏为特色，集动、植物的保护、研究、旅游观赏、科普教育为一体。,5
暑假期间亲子游好地方，只不过消费稍贵。,5
一般，人太多，排队排了好久，车场离入口远,3
很好玩很刺激～跟朋友一起去的，排队也不会等太久,5
时间太短了，晚上关门太早，吃的贵难吃！,3
真是太棒了，因为人多， 我们专门买了快速通道的手环，这个手环150，之后玩了这些项目 重点推荐 垂直过山车 U型滑板 十环过山车 龙卷风暴 摩托过山车 星际决战 激流勇进 可惜自由落体检修没有玩 总之 是一次特别棒的游玩 里面的东西很贵也不好吃 建议多吃点再进去玩,5
很好，很好，很好，很好，。。。。。。。。。。。。,5
游玩项目多，满足了不同年龄，不同刺激程度体验用户的需求，服务员热情，认真。管理规范，有序。流程设计合理。,5
太好玩了，孩子很喜欢，马戏值得观赏,5
家庭出游，小朋友们感觉很棒，玩了一整天都不愿意走,5
很好，虽然贵，但相当精彩，值得一游！,5
暑假期间亲子游好地方，只不过消费稍贵。,5
一般，人太多，排队排了好久，车场离入口远,3
非常好，特别好玩。很刺激。下次有可能再来,5
不知道为啥还要收门票，不明白为什么,5
景区去过了，太大而且不建议年龄过大的客户去，走路太困难,4
好玩，过山车特别多坐到晕，很爽，垂直很刺激，还有节目和电影可以看，推荐大家一定要去尝试，超值啊门票,5
餐饮住宿娱乐一体。酒店里有6家不同特色主要餐厅，还有便利店和面包房，咖啡座。价位高。住宿房间宽敞，洗漱用品，浴袍拖鞋有儿童专用。毛巾杆少，用过的浴巾毛巾没有地方放。纸抽只固定在卫生间洗手盆旁边，房间里没有。酒店票务中心可以购票去游览区，只提供指定日期的票。比门市价稍优惠。特别要说马戏票，儿童长者没有特别优惠，需要买一样的票。酒店专区座位只300个，先到先得，5点开门，7点半才开演。很多酒店住客会没有专区座位。相对票价就高了。马戏表演精彩。由酒店可以直接走到水上乐园，马戏和欢乐世界。野生动物园可以坐免费穿梭巴士直达，有南北2个门可以选择下车站。飞鸟乐园需要在野生动物园南门下车换乘另一线穿梭巴士，会花点时间。,5
整个度假区非常完美，设施齐全，既有动物园，还有游乐园，还能看表演,5
项目很好玩，比较刺激，适合年轻人～,5
很好玩，这次是周一去的，人不算多，很尽兴，有很多项目都不需要排队就能玩～,5
不错的亲子游，下次有机会还来。,5
带儿子去的，小孩在那玩得挺开心。,5
非常值得带上家人，尤其是小朋友一起去,5
很值得去，孩子们的天堂，虽然没法跟外国迪士尼比，还是值得去的。,5
还不错，下次还会再来。。。。。,5
最喜欢长隆马戏了，当然长隆酒店也是非常棒的,5
难忘的一天，特别刺激而且还很实惠，下一次一定要去其他园玩！,5
游乐项目能做到像长隆这样的真的挺佩服的，以前，深圳有什么世界之窗之类的，现在只跟长隆的野生动物园啊，和欢乐谷啊，只是比真的没法比,5
不愧是五A级的，非常值得推荐。,5
超棒，长隆旅游度假区，四个园都很棒,5
很方便，在动物园门口的自助出票机自取票，第二天可以凭票和指纹进入欢乐世界,5
很适合亲子游，旅游区服务成熟！,5
垂直过山车 U行板 水上乐园大喇叭 巨兽碗刺激有趣 非常喜欢 玩的特别爽 造浪池很嗨,5
这里值得去，玩的东西又多，就是假期人多,4
景区挺好的，各种动物，安排也不错。,5
日场很好玩，有机会再去玩夜场，价格比在官网的还便宜，哈哈,5
玩法很刺激，淡季去几乎没排队，下次还会去,5
在地铁站有免费的接送班车，很方便。在门口要检查包裹，是否携带食物。公园里的缆车值得一看，绕一圈需要30分钟80块一个人，儿童50。动物园有点大，有一天还是挺累的。园内的食物比较贵，而且品质较差，相对来说迪斯尼虽然食物价格比较贵，但是也容易勾起食欲。动物也比较多，总的来说，还是值得一看的。,5
在地铁站有免费的接送班车，很方便。在门口要检查包裹，是否携带食物。公园里的缆车值得一看，绕一圈需要30分钟80块一个人，儿童50。动物园有点大，有一天还是挺累的。园内的食物比较贵，而且品质较差，相对来说迪斯尼虽然食物价格比较贵，但是也容易勾起食欲。动物也比较多，总的来说，还是值得一看的。,5
一家人同行游玩，动物园的表演基本都看了，比直接看动物好多了，大马戏确实值得一看，很震撼,4
園區好大，建議有時間應該慢慢玩，最好有四天，如果想省錢可以住附近酒店，裡面服務很好，但是已經有一點點舊了，但是值得推薦,5
垂直过山车，非常刺激！刚开始慢慢上升，然后在最高处的80米高空停住，接下来就是最刺激的俯冲～然后又是两个略低高度的俯冲～唯一的可惜是没坐在最边上。接着是人体大摆锤，一边翻转一边幅度越来越大的摇摆，基本是让人最后连叫都叫不出来了～玩的太值了！,5
需要两天时间才能玩的很透彻，非常不错的地方,5
假日人較多，下午玩比較好。早上人擠人,4
太刺激了。十环过山车，摩托过山车非常爽，大摆锤和垂直过山车实在不敢玩。朋友上去了，看着都怕。,5
今晚好嗨，赶上长隆十周年电音节，也为百变momo吴莫愁而来……现场气氛很嗨，来了很多电视台，台上台下长枪短炮架势好猛，电音节6月10到18日，快滴来玩啦,5
感觉蛮好，很放松，希望大家也可以去体验一下！,5
什都有的玩，什么年纪都可以去。,4
很好玩，过山车很刺激，还想去????,5
还不错吧！服务也可以的！就是卫生还要改进一下,4
第一次出来玩，长隆真的又刺激又好玩,5
这里比较适合带孩子去，做很多可以玩的地方，很不错喔,5
虽然广州的天气又热又闷，还在下雨！但是玩的很开心，有很好的美好的回忆！,5
房间很一般。和一两千的房价不匹配。不过出来玩就得舍得花钱,4
虽然园区不大，但是很适合小朋友玩水，几个小孩玩得很开心、尽兴，游乐场安全足够，下次还要去。,4
很好很方便很好很方便很好很方便,5
很好很方便很好很方便很好很方便,5
大马戏很精彩，有很多动物，特别是熊，孩子很喜欢，摩天轮很尽兴。,5
不错、去过海洋馆、动物园、就是不能带食物进去,5
游乐设施很棒，玩的很开心，下次还可以去玩，大家可以行动了，广州的这天气适合水上运动,5
第一次出来玩，长隆真的又刺激又好玩,5
广州长隆水上乐园太棒了，是夏天旅游天堂。,5
老少皆宜，动静结合，非常不错的度假区，建议时间安排充足,5
适合带孩子一起来体验一下、可以认识到很多动物、就是不能带食物进去、景区内消费好高,5
非常值得去，跟闺蜜们特地去的～,5
排队快不用等直接扫二维码，乘凉的地方很多可以坐在旁边听帅哥的尖叫声，很好玩～很刺激～服务人员很棒棒～,5
挺好咯的。离玩的地方都很近方便，就是挺贵的,5
环境还不错的，风景挺好，配套也比较全,5
演出效果还不错，值得体验。如果可以出票同时固位就好了,5
太好玩了，明年暑假还会再来的，,5
带小朋友到长隆是非常不错的选择，景区里吃的小贵，其它都挺好。,5
广州长隆水上乐园太棒了，是夏天旅游天堂。,5
老少皆宜，动静结合，非常不错的度假区，建议时间安排充足,5
大马戏很精彩，VIP专座更精彩！,5
值得一去的 这次是和老公两个人出游打前战 以后还会带孩子来的?,5
看大马戏很精彩，亲子比较好，动物园因为时间原因没去上下次一定去。,5
大马戏很好看，大人小孩都很喜欢！长隆动物园是第二次去了，这次坐了小火车，解说员讲解的很到位！下次有机会还会去的！,5
那是端午节的前一天，票价还可以吧（买的是情侣票哈哈哈）早上去的人还不多，因为前一晚做了功课，所以第一个玩的就是梦幻转马，算是给自己热热身，女生也很开心( •̀∀•́ )，接下来就就按照刺激程度循序渐进玩了飓风飞椅，U型滑板，跳楼机，十环过山车，因为这些太刺激了，心里难免有点虚脱的感觉，就缓了一下，那时已经是下午六点多了，为了不留下遗憾，就跟女朋友一起玩了过山车之王，垂直过山车!我的天(ಥ_ಥ)玩完之后才身同感受跑男陈赫所说的，简直就是丧心病狂啊！女朋友到玩起了兴奋，最后还玩了超级大摆锤，是的！最恐怖还是那最后那几下，那感觉还是跟前面的差不多，要是睁开眼睛去享受，我保证，现在想起来还是心有余悸的T_T。最后给那些情侣的建议，要刺激来长隆欢乐世界可是首一选择啊，只怕你们玩到最后不敢玩了哈哈?（我们就是有几个不敢玩了〒_〒好可惜）,5
超值好去处，尤其带着小孩一起，很适合亲子游,5
太大了 只是走的话会很累。。。不过小朋友倒是很喜欢的。。,4
很不错的地方，带孩子一起休假的好去处。,5
的确是丰富多样风格各异的水上乐园,4
非常不错，孩子高兴极了，十分满意,5
带小孩玩还不错，小孩很开心，特别喜欢大象***、老虎跳水、喂长颈鹿吃草等，还玩了很多儿童节目。这个价格比较值！,5
蛮幸运的天气都是30度左右，大门口就有扫二维码取电子票的提示挺方便的，设施都不错，园区内服务都考虑很周到特别方便，携程上买门票也蛮便捷的，赞,5
园内的动物宝宝真的好可爱，这个才是镇园之宝！,4
嗯，欢乐世界取票很方便，扫二维码就可以取电子票了。这次印象深刻的是U型滑板（被人硬拉上去的，腿软的不行）抱着死不了的心态玩的，但是坐上去感觉比想象中的还要好，坐了一次还想再坐一次，第一次觉得原来自己接受能力可以这么棒??相比垂直过山车，简直没法比，因为垂直过山车只是看着很害怕，当真坐上去下来的时候感觉好爽，当然啦我坐上去的时候只剩最后一排中间了，所以也没感觉害怕。所以想玩的小伙伴们不要害怕哦，只管上去嗨??,5
门票很贵，吃饭很贵，景区很大，动物很多，环境整洁，大马戏非常值得一看。,5
超值好去处，尤其带着小孩一起，很适合亲子游,5
太大了 只是走的话会很累。。。不过小朋友倒是很喜欢的。。,4
很不错的地方，带孩子一起休假的好去处。,5
欢乐世界做的还是比较用心，但是没有故事情节，除了刺激不剩什么了，实在不适合我。,5
挺不错的 整个度假区非常大 玩的看的应有尽有,5
每年都会来，一如既往的好评哦。,5
园区很大，游乐设施很多，人也超多，建议提前做好攻略，有的放矢！,4
"超级棒的长隆度假地方，去过水上乐园,野生动物园，每个区都超级大，超级好，住宿也是一级棒",5
过山车真的很刺激，还有那个星际决战原来体验超好,5
炒鸡好玩！第一次去，除了里面的东西贵了点，其他都很好！,5
好开心，玩的时候天气很好！要走的时候下雨了2333,5
非常不错的一个景区值得一去有时间还会再去,5
非常方便，不用取票，到门口扫一下二维码，就可以入园。节约排队换票的时间。,5
休闲于一体的大型企业集团，旗下拥有长隆欢乐世界、长隆国际大马戏、长隆香江野生动物世界、长隆水上乐园、广州鳄鱼公园、长隆酒店、香江酒店、…,4
超值尖叫之旅，奔着垂直过山车去的，一顿怒吼之后身心愉悦，设施齐全，比起曾经去的一些小型游乐场，简直好太多，和朋友们一起在云霄之巅感受着刺激的快感。,5
孩子的乐园，而且很方便，在一个大园区里面，孩子玩的非常开心,5
酒店简直了 还没有进去在通道就已经是很臭的味道 进去了味道更重 就是老房子的味道很不舒服那种！连被子都是潮湿的 侄女一进去就一脸懵逼： 这是哪？我是谁？为什么会在这里？ 大家还是不要住长隆酒店了 反正交通那么方便 在外面住同价位的高档酒店再早上入园就刚刚好了 真心建议。,3
动物世界非常值得一去，动物行为展示都有引导小朋友去学习去发现的开场，很适合亲子游，并且每个区域都有讲解员讲解并照看动物不会与游客过近，既亲近又安全,5
动物园非常值得一去 动物行为展示都有引导小朋友去发现的开场 非常适合亲子游，大马戏很震撼,5
去長隆玩了 很多次了 很爽 遊樂場 水上樂園 馬戲 都玩過,4
交通方便，氛围很好，房间环境不错，还有阳台,5
非常不错的一个景区值得一去有时间还会再去,5
非常方便，不用取票，到门口扫一下二维码，就可以入园。节约排队换票的时间。,5
休闲于一体的大型企业集团，旗下拥有长隆欢乐世界、长隆国际大马戏、长隆香江野生动物世界、长隆水上乐园、广州鳄鱼公园、长隆酒店、香江酒店、…,4
超值尖叫之旅，奔着垂直过山车去的，一顿怒吼之后身心愉悦，设施齐全，比起曾经去的一些小型游乐场，简直好太多，和朋友们一起在云霄之巅感受着刺激的快感。,5
孩子的乐园，而且很方便，在一个大园区里面，孩子玩的非常开心,5
酒店简直了 还没有进去在通道就已经是很臭的味道 进去了味道更重 就是老房子的味道很不舒服那种！连被子都是潮湿的 侄女一进去就一脸懵逼： 这是哪？我是谁？为什么会在这里？ 大家还是不要住长隆酒店了 反正交通那么方便 在外面住同价位的高档酒店再早上入园就刚刚好了 真心建议。,3
动物世界非常值得一去，动物行为展示都有引导小朋友去学习去发现的开场，很适合亲子游，并且每个区域都有讲解员讲解并照看动物不会与游客过近，既亲近又安全,5
动物园非常值得一去 动物行为展示都有引导小朋友去发现的开场 非常适合亲子游，大马戏很震撼,5
去長隆玩了 很多次了 很爽 遊樂場 水上樂園 馬戲 都玩過,4
好玩的项目很多，交通方便，哈哈,4
3月女士票超级优惠，到了景点有自助取票机，也没什么人排队，挺值的！,5
凡事来广州的必来长隆欢乐世界，带孩子更好玩。,5
游戏项目很多，也良好玩，哈哈。,4
很棒，还会再去的，儿子流连忘返，不想回家了，哈哈，小盆友们的乐园,5
非常愉快的旅游感受，大摆锤和垂直过山车非常棒,5
总体来说这个方式购买方便快捷，很好！！,4
广州长隆旅游度假区是亚洲首屈一指的旅游度假区，适合家庭出游或情侣出游。长隆旅游度假区是于长隆酒店、长隆国际大马戏剧院、长隆野生动物世界、长隆欢乐世界及长隆水上世界为一体的度假区。软硬件都是一流的。是一个不错的旅游度假的去处。,5
还是很方便的，不错，小朋友们玩的很开心,5
很方便，孩子们玩的很开心……还是不错的,5
游长隆动物园 周末，我和妈妈怀着兴奋的心情来到亚洲最大的野生动物园——长隆动物园游玩。 一进门，我们就搭上了开往动物世界的小火车。我们首先看到了澳大利亚鸵鸟，它们昂着头，拍打着翅膀，自由自在地在车道边走来走去，这时一只鸵鸟慢悠悠地来到车边，好奇地瞪着眼睛，着我们，像是发现了新朋友，站着不想离去，等着我们给它食物。在和鸵鸟的依依不舍中，我们的小火车又带我们来到了非洲角马的家，这是一群长着牛角的马，它们在草原上吃着肥美的青草。穿过草原地带，我们来到了狮虎山下，首先映入眼帘的是威风凛凛的雄狮，它头上长着一圈长长的鬃毛，大摇大摆地在坡上走着，旁边还躺着一只身材矫健的母狮，但它的头上干净利落，没有鬃毛。小火车继续往前开，我们又看到了森林之王---老虎，它们注视着我们的到来，似乎已经习惯了我们这些远道而来朋友的拜访。 过了狮虎山，我们下车进入了步行区，首先看到了一群长颈鹿，我正准备喂它们，这时一只长颈鹿突然伸出长长软软的舌头，趁我不备，跐溜一下，卷走了我手中的枝叶，大口大口地咀嚼起来，还留下了一串口水，把我吓了一跳。有了经验后，我就看好手中的树叶，一支一支地掰下来，喂它们，它们的舌头很长，据说有50-60厘米。真有趣！ 接着，我们又来到了大象园，大象的胃口很大，一天需要吃下300斤的食物，我拿出苹果放到它长长的鼻子下面，它用大大的鼻孔吸住食物，灵活地卷到嘴巴里，津津有味地吃了起来，它还很聪明，遇到塞不进嘴巴里的食物时，它会用鼻子卷起食物，往地上用力一砸，将食物打碎，再一块一块地卷进嘴里，慢慢品尝。 我们还参观了澳洲考拉园，一只只考拉胖乎乎的，安静地趴在树上，有的呆萌地看着我们，有的吃着它们最爱的食物——桉树叶，还有很多在呼呼大睡，考拉的一天中有16-20小时在睡觉中度过，以保存体力。 在这里，我们看到了来自世界各地的动物，并和它们亲密接触，增长了许多新的知识，度过了丰富愉快的一天。 张通 2016.2.19,5
广州长隆旅游度假区住在宾馆俯拍非常的漂亮，景色超美的，带有游泳池，看着非常的舒适，趣味性非常强，性价比超高的，值得住在度假区，慢慢的玩。不错哦！,4
还可以，330元的套票挺值的，里面的东西很贵。,5
总体而言还是不错的。但是自驾进入动物园的感受一般吧。,5
真是一趟不错的旅行。动物园，动物很多，重要的是打破了在其他动物园的限制，离动物很近，很真实，动物种类和数量也很多，还可以做车观赏。,5
小朋友很喜欢，也非常值得一去，如果票价可以便宜一点那就更好了！?,5
长隆欢乐世界位于中国首批5A级旅游景区长隆旅游度假区的中心位置，占地面积约2000亩，是长隆集团斥资20亿元人民币倾力打造的集乘骑游乐、特技剧场、巡游表演、生态休闲、特色餐饮、主题商店、综合服务于一体的具国际先进技术和管理水平的超大型世界顶尖主题游乐园。自2006年4月7日正式对外开放以来，接待游客数以百万计，其中单日接待游客5万人之多。,5
带孩子去的，玩的很开心，物有所值.,5
挺好的。里面的工作人员都很亲切。耐心指引,5
项目很多，适合各种阶层的人！！,4
场内设备种类多，四周环境卫生干净，表演的节目也丰富，是家庭出游不错的地方！,5
广州长隆旅游度假区住在宾馆俯拍非常的漂亮，景色超美的，带有游泳池，看着非常的舒适，趣味性非常强，性价比超高的，值得住在度假区，慢慢的玩。不错哦！,4
提前在网上买有优惠，又可以节约时间，非常推荐,5
很刺激的游乐场，适合喜欢大型游乐设施的人去，超喜欢,5
好玩的项目实在是非常多，哈哈。,4
不错不错的地方，挺漂亮的，是真的还可以的。,5
以后还会定这个， 孩子们玩得真高兴,5
长隆酒店真心不错，但是不要高峰期去，因为平日最便宜也是1000左右，暑假等节假日都是翻倍。酒店会送一个老虎布偶和水果等，我们住的房间还能看见游乐设施。,5
和闺蜜一起去的，玩的很开心，很喜欢,5
好玩的项目确实很多，交通也很方便,4
广州长隆，非常值得一去的地方，无论是亲子游，情侣游都是很好哦！坐着国内小火车一站一站的看过去，各种各样的动物，都是自由自在，没有铁笼子围着。,5
我是三月底准备去长隆度假村 对比了驴妈妈 途牛 12580 携程网 最后携程的价格是最低的 酒店和门票还有机票是分开点的 预算是一万 结果在携程7000都搞定了 三晚住在主题酒店 一晚长隆酒店 含早餐 携程真方便 不愧是偶像邓超代言的产品 主题酒店楼下是万达 还有小吃一条街 里景点不是很远 滴滴三十 十分钟 别做出租 不打表随意要价,5
提前在网上买有优惠，又可以节约时间，非常推荐,5
很刺激的游乐场，适合喜欢大型游乐设施的人去，超喜欢,5
好玩的项目实在是非常多，哈哈。,4
不错不错的地方，挺漂亮的，是真的还可以的。,5
以后还会定这个， 孩子们玩得真高兴,5
游玩项目很多，很丰富多彩，方便,4
总体上说挺不错的，就是人多，做好心里准备。,5
呀呀，广州最有特色和代表性的地方啦！无论大人小孩都喜欢来这玩，明天入园人数都很多，就不用说节假日啦！我儿子喜欢玩激动游戏，我喜欢海洋馆，我老公喜欢这的酒店。,5
这里值得一去，如果心脏不好的话一定不要去玩垂直过山车和摇摆锤太吓人了，不过对于小孩子来说哈比王国乐园很吸引他们有几十种适合他们的游乐设施，还有4D影院和星际决战必去，非常不错。还有飞马家庭过山车。,5
广州一个很值得去的综合性游乐景点，适合全家人游玩，价格小贵,5
总体上不错，最推荐野生动物园。,4
整体游玩还是不错的，动物园的小火车之后再步行观光的动物，还有4场表演都是必看的。,5
野生动物园小孩子喜欢，有好些个动物表演,5
刺激又好玩的项目很多，交通方便,4
很多很多好玩的项目，交通很方便,4
好玩的项目很多，也很吸引人！！,4
挺好玩的，早上不必那么早去，毕竟不像是游乐园那边人那么多,5
长隆的表演就是好看，节目丰富。,4
这里值得一去，如果心脏不好的话一定不要去玩垂直过山车和摇摆锤太吓人了，不过对于小孩子来说哈比王国乐园很吸引他们有几十种适合他们的游乐设施，还有4D影院和星际决战必去，非常不错。还有飞马家庭过山车。,5
广州一个很值得去的综合性游乐景点，适合全家人游玩，价格小贵,5
可以玩的项目很多，值得多去几次,4
小贵，不是朋友请客我一般不会选择这里。不过贵有贵的道理，里面的白虎餐厅可以隔着玻璃看白虎。酒店经常会接待大型商务会议，商务人士名人明星都会入住这里，很高档。,4
长隆真的越做越棒了~不亏为5A景区~最喜欢的是野生动物园和欢乐世界~都是解压休闲的好地方~虽然人多~但真的值得一来~,5
很不错的地方，小孩子玩的很开心，缺点是看完马戏再回酒店基本只能打的，没什么其他的方式了。在里面吃的价格也不是很离谱，还可以接受。进去时可以自带一瓶饮水。,5
挺不错的。还可以对动物喂食。去动物园先坐小火车会比较省时间。,5
除了坐小火车游动物园可以试一试，其他景点一般般。建议自带酒水食品，景区里面消费太高，土豪随意。,4
好地方，很喜欢，哈哈哈还好还好,5
好，很不错，小孩玩的开心，水的项目孩子喜欢得不得了，孩子说下次还要来，开心愉快的旅行！,5
长隆度假区很好玩很赞，小朋友喜欢，大人也喜欢，预订门票很方便，自动取票机输入相关信息就可以取钱，超级方便，比现场购买便宜。,5
长隆度假区很好玩很赞，小朋友喜欢，大人也喜欢，预订门票很方便，自动取票机输入相关信息就可以取钱，超级方便，比现场购买便宜。,5
可以玩的项目很多，值得多去几次,4
价格实惠，方便快捷，价格实惠，方便快捷，价格实惠，方便快捷，价格实惠，方便快捷，价格实惠，方便快捷！,5
长隆已成为国内最成功的旅游运营商,4
玩的夜间的，5个小时全部项目都玩过了，三五好友一起玩更刺激，记得带防蚊水，被咬了很多包包。,5
整个度假区范围挺大的，包括了动物世界、大马戏、欢乐世界、水上乐园、酒店，甚至飞鸟乐园。园区中还有穿梭巴士。项目挺多的，适合各个年龄段，住酒店里玩个两三天不成问题。,4
去了很多遍了，小孩喜欢，动物种类多，小孩玩得不愿意走，最喜欢长颈鹿了，迷人的大????,5
超值，意外，超值，意外，超值，意外，超值，意外，超值，意外，超值，意外，超值，意外，超值，意外，惊喜,5
大马戏很赞，演出的全是外国人，服装灯光美轮美奂，要吐槽的是那里的吃的卖的太贵了，一份煎饺，一个鸡腿，一个玉米，好像要95。,5
刺激，好玩，但是票價貴，裡面住也是貴，裡面房間應該要有相對條件，不然實在不值得。,4
非常好非常有特色的酒店式公寓 太喜欢了哈哈哈哈 各种各样的主题房让人赏心悦目 真心推介,5
性价比很高，交通也還不錯！。 跟朋友一起帶小孩子去的！。 好！,5
住在万达广场，去的时候因为修路的关系，感觉交通不是很方便，绕很多路。景点还是不错的，值得去。,5
进入个鬼屋把女朋友都吓坏了 然而我并不觉得可怕 希望下次再逼真一点就好了,5
南方的动物园真的比北京的多了几分灵气，到处显示出一种精细和体贴。设计的游览路线和过渡环节都体现了园区经营者的智慧和对游客的着想。很棒！,5
非常值得去，最好能够玩两天，确实挺好的,5
休闲娱乐的好选择，有很多景区，值得一去,5
学生票，性价比很高，那天天气不好但是下午放晴了，所以我游客特别少，游乐设施都不需要排队，玩得特别开心。,5
大马戏很赞，演出的全是外国人，服装灯光美轮美奂，要吐槽的是那里的吃的卖的太贵了，一份煎饺，一个鸡腿，一个玉米，好像要95。,5
刺激，好玩，但是票價貴，裡面住也是貴，裡面房間應該要有相對條件，不然實在不值得。,4
非常好非常有特色的酒店式公寓 太喜欢了哈哈哈哈 各种各样的主题房让人赏心悦目 真心推介,5
性价比很高，交通也還不錯！。 跟朋友一起帶小孩子去的！。 好！,5
住在万达广场，去的时候因为修路的关系，感觉交通不是很方便，绕很多路。景点还是不错的，值得去。,5
进入个鬼屋把女朋友都吓坏了 然而我并不觉得可怕 希望下次再逼真一点就好了,5
值得一去的野生动物园，小朋友们喜欢的不得了,5
开心，开心开心开心开心开心，还是开心，开心，开心开心开心开心开心，还是开心，开心，开心开心开心开心开心，还是开心，,5
值得去，有吃有玩有住，很适合家庭去,5
有意思万圣节主题好玩，带小朋友玩下很不错。就是人太多兑换票的地方人山人海，景区食物太贵，选择少。每个游戏都要排队，只选了几个人少,5
买的是套票，性价比很高，无需排队买票，只需要在自动取票机取票即可，从欢乐世界有专门的通道通往水上乐园，可以不限次数往返两地，很方便。娱乐项目很刺激，玩的就是心跳！很想去看大马戏，可惜没有提前买好票，建议去游玩的朋友买套票更划算,5
里面的表演很精彩，游戏项目非常刺激，特别是垂直过山车，很难忘,5
"给老婆孩子盯的,本来还有点担心,怕有麻烦,结果扫身份证后,顺利出票,验票,很方便,超赞,",5
南方的园区安排很精致，虽然也游过不少次北方的野生动物园，都不如长隆设计巧妙。每一处站点都有专门的人员精心讲解，餐厅也都各有特色。,5
长隆这边几个景点要玩完最起码要4天以上，我第一次去还挺不适应，最后才知道里面还有免费的穿梭巴士,5
非常非常非常非常好非常非常非常非常好非常非常非常非常好非常非常非常非常好非常非常非常非常好。,5
整体还可以，没有想象中好玩的时候回来吃饭吗，回武汉吃好吃的咯！就醒了我的时候回来吃饭吗,5
值得去的好地方，就是长隆当地的一些出租车司机太坑人，给如此欢乐的地方蒙羞：证号番禺703547的驾驶员，10月1日下午4点左右从长隆去奥园城市天地1公多里的路程开口要30元，要求打表不行，我说要投诉，司机说随便，说这边都这样，真没人管吗？旁边的辅警也管不了，这样的人真给广州丢脸！难怪大家现在都喜欢用网约车。希望长隆警方管管，治理一下景区的出租车乱像！,5
去这次感觉哈可以，里面不允许带食物，里面饭有蛮贵，可以自己带水，商业气氛比较浓，大象表演没看，河马表演也没看，人很多，可以自驾看猛兽区,4
像热带雨林 很干净 都在一起玩起来方便 要是食物种类多一下就好了,5
十一人太多，但是大马戏现场感觉确实很棒！,4
"给老婆孩子盯的,本来还有点担心,怕有麻烦,结果扫身份证后,顺利出票,验票,很方便,超赞,",5
"给老婆孩子盯的,本来还有点担心,怕有麻烦,结果扫身份证后,顺利出票,验票,很方便,超赞,",5
南方的园区安排很精致，虽然也游过不少次北方的野生动物园，都不如长隆设计巧妙。每一处站点都有专门的人员精心讲解，餐厅也都各有特色。,5
长隆这边几个景点要玩完最起码要4天以上，我第一次去还挺不适应，最后才知道里面还有免费的穿梭巴士,5
非常非常非常非常好非常非常非常非常好非常非常非常非常好非常非常非常非常好非常非常非常非常好。,5
整体还可以，没有想象中好玩的时候回来吃饭吗，回武汉吃好吃的咯！就醒了我的时候回来吃饭吗,5
值得去的好地方，就是长隆当地的一些出租车司机太坑人，给如此欢乐的地方蒙羞：证号番禺703547的驾驶员，10月1日下午4点左右从长隆去奥园城市天地1公多里的路程开口要30元，要求打表不行，我说要投诉，司机说随便，说这边都这样，真没人管吗？旁边的辅警也管不了，这样的人真给广州丢脸！难怪大家现在都喜欢用网约车。希望长隆警方管管，治理一下景区的出租车乱像！,3
还可以。。*^_^*(^_^),3
好玩玩玩玩玩吧！刺激激激激激激，心脏受不了，年纪大了吗呜呜呜呜呜呜呜呜呜呜呜呜呜呜,5
环境好，适合家庭出游，不错，不错！ 环境好，适合家庭出游，不错，不错 环境好，适合家庭出游，不错，不错,5
不错啊！很好很好很好很好很好很好,5
值得玩的动物王国，精彩刺激大马戏，,5
这次是我第一次晚上订票，体验非常好，下次还会来这玩，环境体验都非常好，就是东西有点贵,5
方便，这次这个订票解决了我很多麻烦，对网上订票也放心了，下次还会使用携程进行订票,5
满意，适合带孩子游玩，长隆动物园的工作人员都非常友好和体贴，大马戏也非常震撼。值得一去。,5
动物们好可爱，比动物园的动物有生气多，希望若干年后仍然生龙活虎吧,4
取票什么的很方便，玩的也很好，啊啊啊啊啊啊啊啊啊啊啊啊啊啊啊啊啊啊啊啊，好像够字数啦,5
水上乐园很大。夏天去玩过2次了。全家玩的很开心。园内矿泉水也太贵了！最好自己带足矿泉水过去。要不然一家人一天光喝水也要喝100块。。。。有免费的救生衣随拿随用，不需要带救生圈去的。防晒工作要做足，不然回来就是各种晒伤。,5
各种不同的水上游乐项目好玩刺激，孩子玩的很开心,5
非常不错，好看好看好看好看好看好看好看好看好看好看好看好看好看好看好看好看好看好看好看好看好看好看好看好看好看好看好看好看好看好看好看好看好看好看好看好看好看好看好看好看好看好看好看好看好看好看好看好看好看好看好看好看好看好看好看好看好看好看好看好看好看好看好看好看好看好看好看好看好看好看好看好看好看好看好看好看好看好看好看好看,5
如果不是酒店客人，建议买个插队特权，不然等排队是会要人命的，入园身上还是要带一点现金的，有些地方电子现金用不乐了,4
带孩去看长隆的马戏团表演，虽然在家门口，也去过几次长隆动物园，但还真没去过看长隆的马戏团表演，看后很震惊，表演有水准，与国外的马戏团表演没什么区别，不用出过门就可以欣赏了,5
酒店不错，周边很多好吃的，离长隆也不远，很好！下次还会选择，会推荐朋友入住！高兴,5
除了价钱贵点，人多了点外，其他都好。,5
广州长隆的水上乐园和郑州方特的基本上都差不多呀 项目都一样 就是物价贵 但更衣洗澡间还不如人家 没有吹风机 也不提供拖鞋 之前去郑州方特的时候以为没有拖鞋然后自己带了结果没用上 这次正好相反以为会有结果没有 还得现买 索性不穿 但是建议小孩子一定要穿鞋 地还是挺扎脚的 还烫 物价真是贵呀呀呀 大马戏除了熊有表演外 其他的动物都是走个过场 演出的都是老外 很惊险刺激 建议早去占座位 上下大排之间有个过道会有各种表演队伍经过 园区各种摆渡车还不错 遇到高峰时间段会排很长的队 一辆上不去,5
爽到爆了，长隆欢乐世界垂直过山车还有十环过山车摩托过山车超级爽尤其垂直过山车玩了三次,5
满意满意很满意，还会再使用携程出游。满意满意很满意，还会再使用携程出游。满意满意很满意，还会再使用携程出游。,5
满意满意很满意，还会再使用携程出游。满意满意很满意，还会再使用携程出游。满意满意很满意，还会再使用携程出游。,5
满意满意很满意，还会再使用携程出游。满意满意很满意，还会再使用携程出游。满意满意很满意，还会再使用携程出游。,5
满意满意很满意，还会再使用携程出游。满意满意很满意，还会再使用携程出游。满意满意很满意，还会再使用携程出游。,5
野生动物园的确很不错！河马馆的表演相当惊艳，大食蚁兽也是第一次见到，和六毛一起避雨感觉非常温馨，总之玩得相当尽兴～,5
不错不错不错不错不错不错不错不错不错不错不错不错不错不错不错不错不错不错不错不错不错,5
长隆旅游度假区由长隆水上乐园，野生动物园，…几个部分组成，吃住行玩都集中一起，很方便。,5
工行长隆卡5折，景区景色美，但没有珠海长隆海洋王国好玩，主要是动物和一般动物园比较略好，主要胜在植物较多，植物较密，希望增加更多的珍惜动物或者表演,5
可玩性強，參與度高，老少咸宜的旅遊區,5
不错，很大，。。。。。。。。。。。。。。。。。。。。。。。。。。。。。。。。。。。。,5
长隆水上乐园在夏天享受清凉的感觉，几项水上活动都蛮刺激滴，水上乐园离地铁3号线走路大概要10多分钟，交通蛮方便，里面游乐活动也不错。,5
太爱这里的一却能感到我们的❤这一起，真正有家的那相互帮助，相互理解，相互协调的感觉。感谢你长隆,5
这次出游不仅看到了新奇的东西，还让小孩看到了他想看的美镜，最主要它促进我和家人的爱,5
在网上预订了就不用和人挤在一起排队买票很便捷，而且景区里很漂亮，值得一去！！！！,5
不愧是国内最大的野生动物园，真心大，用两只脚走需要一定毅力的。小火车真心不错，小朋友很喜欢，每个馆都有每个馆的特色,5
难忘的 主要去广州看got 7的演唱会 顺便去了一下一直很想去的长隆 动物园很好玩 马戏精彩极了,5
长隆旅游度假区 一、长隆欢乐世界 1、是个大型的游乐场，比较有名的是垂直过山车，惊险刺激。 二、长隆水上乐园 三、长隆野生动物世界 1、目前国内最大的原生态动物园，这里可以看到精彩的动物表演秀，比较特别的比如白虎表演。很适合带孩子来玩，可以在“丛林发现”了解动物习性，还可以在“儿童天地”玩游艺项目。 2、园区主要分为两个区域：乘车区与步行区。到了景区门口有免费游园地图提供，可以结合景区的表演时间，提前规划好游玩路线。 3、乘车区倚山而建，可以乘坐免费的半开放式小火车深入到丛林和草原，全程约40分钟。 步行区还可以看到很多精彩的动物表演，比如大象剧场、花果山剧场、长隆方舟剧场、河马剧场、白虎跳水等。 除了看动物，还可以选择带孩子去“丛林发现”及“儿童天地”，在“丛林发现”，可以了解各种动物的饮食习惯和身体结构等科普知识。“儿童天地”则有各种游艺设备， 并且这些设备的造型全部都是依照动物来打造，卡通趣味十足。 特别提示 1、如需自驾游览乘车区，依旧需要付门票，并且需要加收自驾车的费用，平日250元/车，指定日280元/车。游览完毕，可以在指定的停车场停好车辆，在步行区入口进入步行区继续游览。 2、在乘车区是不能下车的，因为区内动物皆是自由散放的，所以游客必须呆在车上。 3、食品和饮料等都不可以带进园区，在入园前都会进行检查，园区内都有不同特色的主题餐厅可以选择，价格比外面偏贵，但可以接受。 4、因为考虑到动物健康，景区是严禁投喂动物的。 5、因为园区比较原生态，难免会有些蚊虫，可备一些药膏防虫或止痒的。 6、一般小雨不影响动物观赏，如果大雨、雷暴雨等恶劣天气，部分户外表演会延迟或暂停，具体以当天园区的公告为准。 7、长隆野生动物世界游客服务中心有行李寄存服务（是属于收费服务），一般可以租用寄存柜，如果特大或贵重物品可联系客服中心作人工寄存。具体项目、价格以园区公告为准。 四、长隆国际马戏大剧院 1、看表演 五、广州鳄鱼公园 1、鳄鱼公园是全球最大的鳄鱼主题乐园，需要注意的是鳄鱼公园跟长隆其他几个度假区是分开的，交通很不方便，虽然有班车，但是要半小时才一趟，而且遇到节假日半小时都不一定能坐到车，挤不上！ 六、长隆酒店 1、餐饮性价比比较高的是彩蝶谷美食廊，人均115元，有点相当于“大食代”，里面各种类型美食都有，比如粤菜、川菜、巴西烤肉、火锅都有，可以提前网上查下是否有团购的现金券。 2、如果玩不止一个景区，建议可以入住长隆,5
拿票方便，买的是高考票，真的是会认真看样子和学生证是否符合，好玩，超级超级超级赞,4
值得一去的地方，消费也不算贵，比珠海长隆便宜，设施也不错，小孩玩得很开心，还说还要再去，就是人太多！有些玩的排队要半小时以上，建议最好不用节假日过去！,4
长隆国际大马戏，挺不错。最后压轴戏已经几年如一日，该创新落 。住长隆酒店有许多特权，譬如玩项目可以优先，看马戏的区域位置不错,4
总体来说还不错，宝宝最喜欢的项目应该算是水上世界了，其他项目也有收获，开心～～～,5
开心～～～～～～～～～～～～～～～～～～～～～～～～～～～～～～～～～～～～～！,5
小孩子特别喜欢欢乐世界，人不是特别多，有的项目连玩两次都不用怎么排队，动物园的表演很好看，水上乐园小孩也喜欢，总体就是小孩子很开心，里面的饮食消费很高但不怎么好吃。,4
挺好的，特别是早上的派对超嗨，幸好没错过。小孩很喜欢，东西不算贵吧，就是不好吃。里面有很多适合小朋友玩的。我的小孩刚好1米2,5
一开始觉得动物园门票挺贵的，玩了之后觉得贵还是有贵的道理，相比上海野生动物园，动物的种类和数量都多许多，而且还有四个场馆的动物表演，很值得一看。晚上的大马戏十分精彩，如果不是vip票，想坐到好点的位置，一定要早点去占位，因为门票上是没座位号，不是对号入座的。,4
带孩子出游，野生动物园里人有点偏多，到后面基本已经失去了游玩的兴致，只想早点离开，如果人流没那么集中在话，还是不错的,5
很好一家人快乐游，很好一家人快乐游，很好一家人快乐游，很好一家人快乐游，很好一家人快乐游！！！,5
反正不是我去，弟弟去了，说还不错，40个字的评价，怎么才能凑齐.....................,5
我们住了鸟趣房 感觉特别好……舒服 下次去一定还住这里,4
很好，我很喜欢，没有挑剔的东西，还会再来,5
带小朋友第一次到长龙野生动物园玩，孩子第一次见到了那么多野生动物，很兴奋，一路上不停的讲话，提问题！看来以后得多带孩子出去,5
动物园很大，很多表演，如果慢慢看，全看齐的话一天都看不完！消费有点贵，停车还行，一天20元！,5
挺好的，离地铁站也不是很远，3号线到汉溪长隆站下，一出地铁就有指示的跟着走就到南门了。南门也有自助取票的地方了很方便。从南门进去没多远就是垂直过山车很刺激的，值得体验一下。各个剧场的表演都很精彩。总的来说玩的还不错,5
订票、取票很方便，节省了很多时间，而且还有优惠。长隆度假旅游区是亲子游值得一去的地方！,5
不要周末去，人多，U型滑板最难受，其他还好，总体很过瘾，过山车都各有特点，网上买票会便宜,5
带孩子出游，野生动物园里人有点偏多，到后面基本已经失去了游玩的兴致，只想早点离开，如果人流没那么集中在话，还是不错的,5
很好一家人快乐游，很好一家人快乐游，很好一家人快乐游，很好一家人快乐游，很好一家人快乐游！！！,5
反正不是我去，弟弟去了，说还不错，40个字的评价，怎么才能凑齐.....................,5
那个地方给我们带来了许多快乐，直得我们去玩。爱的动物欢乐的水上乐园拭目以待。观赏，欣赏岳母让我们带到这个夏天的水上乐园。水上了园，真是，漂亮极了动物世界充满活泼可爱表演节目让我们，欣赏。,5
儿子玩的乐不思蜀，晚上的表演很精彩。,5
里面的游乐设施很多，有危险项目如大摆锤和过山车，也有好多孩子们能够玩得到的游乐设施，和孩子一起玩得很尽兴。但里面的矿泉水实在是贵啊，贵到心痛，但这么高温贵也是不得不喝。,5
好玩，年年都去一次，景点气氛一年比一年好，每年一度这段时间就会新增几个鬼屋，就是万圣节才开放,5
带孩子和爸妈去玩的，两个孩子玩很高兴，园区地方很大，但是标识很清楚。里面的工作人员态度都很热情，百问不厌。自己不能带吃的进去，里面吃的比较贵，而且吃饭时人很多。,5
带孩子和爸妈去玩的，两个孩子玩很高兴，地方很大，但是标识很清楚。里面的工作人员态度都很热情，百问不厌。自己不能带吃的进去，里面吃的比较贵，而且吃饭时人很多,5
很好玩很刺激，周三去的人不多，没拍什么队，把刺激的项目玩了好几遍，特别是过山车，好过瘾，,5
景区内的服务人员素质较好，充满热情，游览设施规划合理。有机会还会再次来长隆！一次美好的行程。,5
喜欢自由行，没有跟团的那种紧迫感，比较自由，所以一直都在携程上预定，很方便，过年的时候广州其实也不冷清，天气不错，温度适宜，特别是港式餐厅，好吃！,5
热带雨林，动物种类很多携程订票很方便，一次愉快的游玩，就是天气太热，里面的饮料很贵。,5
园内多种项目可以游玩，但是夜场要注意时间不够用，我们才玩了三个项目，还有就是在中心游泳场的表演嗨了半个小时，非常好的一次体验，除了时间问题，因为人确实是蛮多的,5
小孩子玩的很开心，说明年署假还要来。,5
欢乐世界和水上乐园百玩不厌。门票改签出了点差错，最终携程还是处理好了。整体比较满意。,5
已经去了好多次了，还是玩不厌。,5
朋友出行开开心心的，大家一起乐翻天。水上乐园乘凉好去处。每个人都玩的很开心呢！呵呵！,4
欢乐世界开开心心玩到底，水上乐园夏日里乘凉的好去处。广州长隆是值得一行的好地方。,4
长隆野生动物园名气很大，早几年迁就想来，终于有机会来玩，心里非常的期待。耳听为虚，眼见为实。认识了很多以前没见过的动物，环境优美，景色宜人，动物憨态可掬，服务人员服务态度很好，有机会会再来。,5
长隆还是比较适合小孩子，商业气息比较浓，园区里的东西价格较贵，不过也能接受。动物园乘车游览区是个亮点，但是比较短暂，其他一般般吧，和广州动物园也没什么区别。,3
广州最出名的旅游渡假胜地，但门票很贵哦,4
热带雨林，动物种类很多携程订票很方便，一次愉快的游玩，就是天气太热，里面的饮料很贵。,5
园内多种项目可以游玩，但是夜场要注意时间不够用，我们才玩了三个项目，还有就是在中心游泳场的表演嗨了半个小时，非常好的一次体验，除了时间问题，因为人确实是蛮多的,5
很好玩，值得去，不过天气热，等待是最难过的，你们懂得。。在秋天去玩最适合。水上乐园项目少点，晚上更有气氛,4
环境不错，动物多，星期一至五去玩，人少不挤，吃的一般，设施挺人性化，动物集中一起表现好，到处跑场，。,5
动物园很大，表演紧凑，一天下来很累，动物们感觉很幸福，大马戏稍微有点失望，总体来说还不错吧。,4
观赏路线和表演时间也比较合理，真正做到了与动物亲近，算是很开放的动物园，管理也很到位，就是里面的物价太高了些,5
環境非常好，房間不錯，床有點小，餐飲不錯，種類較多，很適合小朋友，遊樂園很大，可以玩夠一天，設施很好，總體來說還是不錯的！,5
很舒适，取票很方便，园区门口有婴儿推车出租，很人性化，跟家人朋友一起去很不错，就是吃的东西偏贵了~！,5
非常不错的度假区，设施一流，设计很有人性化，很符合小孩子心理。,5
每个乐园都有亮点，工作人员很热情,5
女儿玩的很开心，携程购票也很方便，以后游玩就选在携程预订了，一天的时间，孩子也不太累！,5
动物很多，表演很棒，就是里面的东西挺贵，还不能带食物进去，总体来说还是不错，有机会再去,5
和自己妈妈加两个闺蜜去的，第一次看，的确精彩，表演流程和节目都很成熟，当然...这么多年了嘿。 预订什么的没出现问题，都挺好。,5
"垂直过山车玩得很爽，爽，倍儿爽，倍儿爽，high high,high， 某些鸡冻游戏男生叫得比女生还大声",5
里面特别好玩，好多没见过的小动物，下次再来完欢乐世界和水上乐园，推荐带小朋友一起来！！！！！！！真棒！！！！！！,5
【“奔跑吧兄弟”节目拍摄地】广州长隆旅游度假区挺好【“奔跑吧兄弟”节目拍摄地】广州长隆旅游度假区挺好,5
【“奔跑吧兄弟”节目拍摄地】广州长隆旅游度假区挺好【“奔跑吧兄弟”节目拍摄地】广州长隆旅游度假区挺好,5
非常完美，孩子特别喜欢。值得一来，我们在暑假一开始就带孩子们到广州长隆来玩。棒！！！,5
非常完美，孩子特别喜欢，在暑假一开始就带孩子到广州长隆来玩，孩子们很喜欢。棒！！！,5
非常好，孩子暑假一开始就出行，玩的很言高兴。值得一来。向大家极力推荐，快乐游。棒！,5
非常好，孩子特别喜欢，值得一来。孩子暑假一开始就出发，票价格还优惠。非常完美了。,5
七日套票不错经济方便。长隆动物园和水上乐园是亲子的好地方，孩子们的最爱。孩子玩得很开心,5
七日套票不错经济方便。长隆动物园和水上乐园是亲子的好地方，孩子们的最爱。孩子玩得很开心,5
广州长隆鳄鱼公园不错，值得一去。小孩子很喜欢里面的动物表演，玩得不亦说乎。景区里有长隆免费穿梭巴士,5
广州长隆鳄鱼公园不错，值得一去。小孩子很喜欢里面的动物表演，玩得不亦说乎。景区里有长隆免费穿梭巴士,5
天气很热，还好景区内的绿化够多。小孩都很高兴看到了好多平时没看过的动物，近距离接触到。,5
……………！哭咯激情四射手机今天回来我和谁葡萄酒了。vvvvcxtgft7uhtffghjv…………,5
亲子一共4人出行，第一天水上乐园，很多项目都适合小朋友参与，小家伙非常开心，玩到闭园。第二天野生动物园，几乎一场秀接一场，虽然下大雨，但丝毫没受影响，晚上大马戏，更是精彩连连，只是应该去早点，占个好位置，总之，出乎意料的棒。,5
非常好的一次旅行！孩子们玩得很高兴！还说下一次还要去呢！取票很方便i！天气很热，便走在园区一点也不热！因为到处有树阴到处有空调哦！,5
非常好，十分满意，孩子们特别高兴。,5
女儿很喜欢 老妈也很喜欢 携程购票很方便 挺好的 好 好为啥要这么多人呢 就是 很挤 人少一点就好了,5
优惠的情况下还是很不错的一个选择。小孩玩起来也很开心。有些项目人多要排队不过也还好,5
很好很好很好很好很好很好很好很好很好很好很好很好很好很好很好很好很好很好很好很好很好,5
哈哈红红火火恍恍惚惚家门口男女吃饭大大方方嘎嘎嘎嘎快快快坎坎坷坷坎坎坷坷咔咔咔空军建军节斤斤计较叽叽叽叽麻将斤斤计较,5
地铁很方便，附近又又公交车，还行,5
有动物园，游乐园等多个主题区，分别收费，就是贵了。,4
长隆旅游度假区真的是太适合度假了，环境好，可以玩的种类也非常多。喜欢刺激的可以去欢乐世界坐过山车，喜欢玩水的可以去水上乐园，想看动物可以去野生动物世界，看马戏表演可以去国际马戏大剧院，还有鳄鱼公园等地方。来这里度假的休闲类型可以有非常多种，度假区里的酒店也非常高大上的感觉。,5
国家5A级精品度假区，世界级的旅游王国！有以机动游戏闻名的长隆欢乐世界、有世界排名第一的水上乐园、有全球唯一大熊猫三胞胎的长隆野生动物世界和中国最佳主题酒店——长隆酒店。,4
去了很多地方，长隆是体验最好的一次，游玩乐趣，景区服务，各方面都很棒，特别是小朋友玩的超hi！,5
非常错，小家伙流连忘返，兴奋不已，玩的挺好，最主要是大热天的，在里面玩没感觉到热，有机会再去一次。,5
游乐设施很刺激，但是身高限制，有些项目孩子没玩成！动物园超赞，种类多，还很活跃，尤其是小猴子,5
很好港版，搞错了吧呵呵呵呵呵呵呵呵呵呵呵呵呵呵呵呵呵呵呵呵呵呵呵呵呵呵呵呵呵呵呵呵呵呵呵呵呵呵呵呵,5
去的时候天气正好，不冷不热，几乎所有项目都玩了，大喇叭玩了两三次，两个人去的，有的项目要求4-5个人玩的，还认识了朋友，玩的好开心，赞一个，还有歌舞队的表演。，真的不错，下次有机会还要再去。,4
广州长隆的十环过山车大名鼎鼎，跟深圳欢乐谷的垂直过山车有的一拼，玩了一把确实心跳不已，值得一试！还有奔跑吧兄弟玩的那个滑板也不错，称为过山车和跳楼机的结合版，第一次尝试这个新颖的游乐设备，感觉很不错！园区很大，其他机动设备也很多，刺激！花了一整天的时间在里面，基本把项目都玩遍了，还买了一个冰激淋，味道不错。景区内管理有序，可以玩的东西很多，想要刺激和心跳的就赶紧去吧，肯定会嗨到飞起的！,5
就是觉得票价偏高了点，来广州最值得去的地方之一，不过还是值回票价啦，套票会划算点,5
还可以，时间比较紧张，没玩好！希望以后再来，可以好好玩一下，尤其是去漂流一下，因为这次有暴雨，没有玩成！,5
还可以，时间比较紧张，没玩好！希望以后再来，可以好好玩一下，尤其是去漂流一下，因为这次有暴雨，没有玩成！,5
没有什么新意，去过几次，每次都一样的内容，一样的猴子老虎大象，一样的表演。伙食性价比也不好。,3
还是很好玩，值得这个票价的。小孩子玩的可开心了，下一站将是珠海长隆，去看看海底世界咯,5
非常错，小家伙流连忘返，兴奋不已，玩的挺好，最主要是大热天的，在里面玩没感觉到热，有机会再去一次。,5
游乐设施很刺激，但是身高限制，有些项目孩子没玩成！动物园超赞，种类多，还很活跃，尤其是小猴子,5
很适合亲子游，让宝贝们近距离接触动物,5
广州长隆有野生动物世界，水世界，欢乐世界等。野生动物世界里的植被丰富，还有很多不同种类的小动物，大熊猫、考拉等都是非常珍贵的国宝，令人大开眼界。,5
有酒店、野生动物世界、水世界、欢乐世界、鳄鱼公园、大马戏团多个区域，是安排非常好的一个亲子度假区，基本上可以玩2天，水世界只适合暑期玩耍。长隆建设规划很用心，很有特色。,5
娱乐内容很多，人也超级多，主要时间都浪费在排队上，很刺激很好玩，心脏不好的人就玩不了。,5
长隆野生动物园参观深受小朋友的欢迎，但景区人也非常多，喂养长颈鹿等动物的环节小朋友们都很喜欢！,5
不错，值得去玩玩，玩了一整天，很刺激很过瘾，垂直过山车很爽，以后还会再去！！！！,5
整个度假村特别大，长隆酒店里还有白虎，火烈鸟，丹顶鹤等，还有很多宝宝们喜欢的天鹅，鹦鹉，周边就有动物园，国际大马戏，欢乐世界，水上乐园，很方便,5
难得和老婆来一次说走就走的旅程，平时都会因为一些日常生活的繁琐事而吵架。那天真得玩的很开心。刺激的游乐设施惊险万分，引得我们一次又一次的狂欢。不过能有你陪我一起去闯关斩将激流勇进！我不怕,5
好多人建议早点去占座位还有VIP区但是要交钱,5
很不错的家庭出游首选之地！！！,5
太喜欢了，非常适合老人孩子游玩！,5
已经忘了去过多少次。但还是很好玩很好看！,5
来广州时间充沛必须去的地方，尤其大马戏太好看了，建议此处2日游，大夫山-长隆-沙湾古镇！这几个离得很近,5
适合亲子游，景区很漂亮！整个景区布局合理，动物都很活跃，尤其是白虎跳水很精彩，游览车也很好！,5
适合亲子游，景区很漂亮！整个景区布局合理，动物都很活跃，尤其是白虎跳水很精彩，游览车也很好！,5
适合亲子游，景区很漂亮！整个景区布局合理，动物都很活跃，尤其是白虎跳水很精彩，游览车也很好！,5
很漂亮的一个地方，全家人都玩得很开心，动物就近在咫尺啊，还有动物表演也很不错，很开心的一次游玩,5
春节期间人太多啦，到处都排队，不过小朋友玩的开心，携程订票挺方便，电子票入场也很方便。,5
长隆还是值得一去的地方，不错！,4
可以一去........可以一去........可以一去........可以一去........可以一去........,3
景色好美，好玩，假日值得去愉快的玩耍,4
长隆酒店环境优美！就是贵些！,5
感觉还挺好 买票是便宜了一点 能有更大优惠就好了 每次去长隆 ，时间都不够游玩整个景区的 ，可能坐小火车会好一点 ，开车就慢很多 ，是真的 。自驾能控制野生动物园里面的游玩速度，但是后面动物馆那里的时间又不够了 ，建议外地旅客来了后在园区住一晚 ，这样比较悠闲,4
与家人一起去的，结果买错票，还好景区服务超级好好，问清原因之后更换很速度，马戏也是精彩得不得了呀，家人超级满意,5
长隆靠综艺节目彻底出名了，以至于帝都人民都千里迢迢坐高铁飞机去玩。而野外生动物园里的白虎、熊猫、考拉等是吸引人的主要看点，最重要的是与帝都的野生动物园相比绿化更好品种更多更近距离亲近。 票价在网上到处都有，只说重点，如果是非节假日旺季，且要住长隆酒店2晚，长隆度假区官网有一种含双早和任选长隆各园区包括马戏的4张正价门票的2晚房套餐很划算，数量有限要早订才有 动物园里分两个区域，自驾和小火车观光区及步行区域。自驾观光区和小火车是坐在车上看散养的动物，入口都在北门，小火车的上下停靠点也在北门附近。小火车是免费的，但每趟车上位置有限，人多要排队，上满即走。自驾车要再单独为车买入园门票。,5
还是不错的，不过里面东西贵了点，可以自己买进去,5
这里很适合代小朋友来看马戏表演！,4
是广州的一个著名旅游景点 如果来广州旅游一定要到长隆 每一个公园足够游览一天 推荐！,5
值得反复去的景点 孩子喜欢 就是消费价格高 人多 大型动物园里面算是很好了 以后还会再去,5
好玩 方便 小朋友很喜欢 去的时候正好人不多 听说节假日非常火爆 所以还是要错峰出行。,5
好玩 方便 小朋友很喜欢 去的时候正好人不多 听说节假日非常火爆 所以还是要错峰出行。,5
确实值得来，下次还会来，美中不足的是酒店吃餐厅选择性稍微有点低。,5
地方蛮大，人也比较多，景区管理到位，动物多，总体满意，下次还会去的，我们一起去的三个人,5
很值得去，里面表演很棒，而且多样化，时间安排也很合理！,5
门票真心贵，吃的东西更贵！面都要68元一碗,3
下雨天依然蛮多人的，玩了多种过山车，垂直过山车最刺激，尖叫地带的游戏好恐怖，朋友都不敢玩,5
这里很适合代小朋友来看马戏表演！,4
是广州的一个著名旅游景点 如果来广州旅游一定要到长隆 每一个公园足够游览一天 推荐！,5
值得反复去的景点 孩子喜欢 就是消费价格高 人多 大型动物园里面算是很好了 以后还会再去,5
好玩 方便 小朋友很喜欢 去的时候正好人不多 听说节假日非常火爆 所以还是要错峰出行。,5
好玩 方便 小朋友很喜欢 去的时候正好人不多 听说节假日非常火爆 所以还是要错峰出行。,4
不错的旅程，值得去。就是人太多,5
长隆旅游度假区特别值得前往，我们两家人已经商定好今年找个淡季再过来玩，把珠海长隆也玩儿一遍！,4
主题公园，欢乐世界是大型游乐场，国际马戏是看表演，还有其他板块,4
虽然遇到下雨天，但总体感觉还是不错的，有些地方因为天气原因没去到，可惜了。小盆友很爱小火车，一进园就要去坐啊，绝对超值。还走，一定要给小不点带推车，省时间。,5
这里真的是孩子与年轻人的天堂，儿子整整在这里玩了一整天，无论大小，刺激的众多项目，大致玩了一个遍。 住在长隆酒店，可以给一个手环，录指纹后一天无限次进出，而且热门的项目排队，凭手环可以走特殊通道玩游戏，省去了很多等待的时间，玩得很尽兴很开心。 很推荐入住长隆酒店，可以有很多便利的优惠政策，省时省力。,5
这里真的是孩子与年轻人的天堂，儿子整整在这里玩了一整天，无论大小，刺激的众多项目，大致玩了一个遍。 住在长隆酒店，可以给一个手环，录指纹后一天无限次进出，而且热门的项目排队，凭手环可以走特殊通道玩游戏，省去了很多等待的时间，玩得很尽兴很开心。 很推荐入住长隆酒店，可以有很多便利的优惠政策，省时省力。,5
这里真的是孩子与年轻人的天堂，儿子整整在这里玩了一整天，无论大小，刺激的众多项目，大致玩了一个遍。 住在长隆酒店，可以给一个手环，录指纹后一天无限次进出，而且热门的项目排队，凭手环可以走特殊通道玩游戏，省去了很多等待的时间，玩得很尽兴很开心。 很推荐入住长隆酒店，可以有很多便利的优惠政策，省时省力。,5
大马戏好看，动物表演很讨喜，演员表演很精彩，姑娘们更是漂亮,5
游乐项目很多，很适合亲子游！还行吧……,5
动物品种很全面，动物剧场表演挺好看，就是餐饮价格比较贵，吃个饭都要68，,5
早点到 太大了 。太美了， 就是里面不让带吃的这点不合理。 就说不让喂动物， 饲养员可以说 。 景很美 ，梦幻 超爽 ，餐厅一般在里边吃饭花太多还浪费时间 ！这点要改善 ！其他方面非常棒 ，很值得一游 三颗星！,4
长隆还是不错的选择．值得推荐．带小朋友及老年人去玩还是很好的．妈妈及小盆友都非常高兴．．．,5
玩还是可以的，就是太多人了，补充字数,4
感觉不错，玩几个垂直过山车，U型滑板等，都害怕到哭～～～放开着大叫吧，那么你心里就畅快了,5
绝对的壮观，我们是下午两点的场，十二点多就来排队了，因为人真的太多了,5
很好的旅游景点，春节期间任然有很多服务人员，确实很贴心,5
景区值得去玩一玩，大人和小孩都喜欢……,5
非常不错，带着小朋友玩了几天，就住在长隆酒店,5
速度快，取票方便，快捷，省下不少时间，免了买票麻烦，不用怕现场没票卖。。。。。。。,5
野生动物园很大，需要一天的时间，小火车可以反复座，演出很精彩，园区的快餐味道真的很一般。,5
还是可以的 就是门票比较贵，另外吧，就是交通不太方便 很难打的回市区，我希望长隆动物野生世界可以做得更好的，谢谢大家,5
垂直过山车、老虎幼儿园、考拉宝宝、长颈鹿零距离接触,5
六月份去的水上乐园，玩了两天，老婆和女儿都不想走了，值得带孩子去玩。,5
很好玩，孩子都非常喜欢，可以玩一天，非常好,5
水上乐园的游泳池，非常好玩，我是去年去的，门票要一百多，。,5
整体不错，就是取票要在长隆欢乐世界北门，有点不好走，外面的服务人员态度不是很好，请问怎么去长隆欢乐世界北门怎么走时，直接说没有这个地方，不过这边的阿姨大叔很好，也很热心。总体还是很好的。好评，但是希望外面的服务人员态度好些。,5
"广州长隆野生动物世界拥有华南地区亚热带雨林大面积原始生态；拥有22只澳洲国宝考拉、10只中国国宝大熊猫、马来西亚黄猩猩、泰国亚洲象、洪都拉斯食蚁兽等世界各国国宝在内的500余种20,000余只珍奇动物，拥有全国首创的自驾车看动物模式；拥有大象剧场，西游记剧场，白虎表演，非洲动物表演为主的四大动物表演及各类动物表演。",5
座位较远，表演还行，小朋友喜欢。杂技较多，门票按人头收费较贵，小朋友才两周也要算成人票。,3
适合带孩子前来，两天足够，第一天去野生动物园和看马戏，第二天去游乐园和水上世界。,5
适合带孩子前来，两天足够，第一天去野生动物园和看马戏，第二天去游乐园和水上世界。,5
很适合亲子，去的时候有点下雨，人不算多，大马戏小朋友很喜欢，建议3岁以上看,4
服务一般，价格贵，不能互动，价格贵，价格贵,3
很好的酒店，孩子超喜欢，只要孩子满意就是我们的目的,5
很好很好，孩子非常高兴，看到许多没见到的动物，免费表演也很好，景区服务及讲解热情周到。非常满意,5
因为爸爸去哪儿大电影带女儿去的，很值得，就是有点小贵。,5
广州长隆度假区绝对是值得一年一去的好地方！,5
"广州长隆野生动物世界拥有华南地区亚热带雨林大面积原始生态；拥有22只澳洲国宝考拉、10只中国国宝大熊猫、马来西亚黄猩猩、泰国亚洲象、洪都拉斯食蚁兽等世界各国国宝在内的500余种20,000余只珍奇动物，拥有全国首创的自驾车看动物模式；拥有大象剧场，西游记剧场，白虎表演，非洲动物表演为主的四大动物表演及各类动物表演。",5
座位较远，表演还行，小朋友喜欢。杂技较多，门票按人头收费较贵，小朋友才两周也要算成人票。,3
适合带孩子前来，两天足够，第一天去野生动物园和看马戏，第二天去游乐园和水上世界。,5
适合带孩子前来，两天足够，第一天去野生动物园和看马戏，第二天去游乐园和水上世界。,5
很适合亲子，去的时候有点下雨，人不算多，大马戏小朋友很喜欢，建议3岁以上看,4
服务一般，价格贵，不能互动，价格贵，价格贵,3
很好的酒店，孩子超喜欢，只要孩子满意就是我们的目的,4
这次跟朋友去的、与跟家人去的感觉完全不同，回忆起同学们之直的往事，顿时感觉年轻了,5
非常值得一去，动物园的典范，亚洲第一，名不虚传,5
太值得去了，动物特别多，吃的有点贵，自己安排好路线，不要带太小的孩子去又看不懂又花钱还走不动路,5
景区还可以，区域比较大，就是东西都挺贵，性价比很一般。适合带孩子来，但是不适合带小于三岁的孩子。,4
还是很值得一去的，比较成熟的度假区，每个工作人员都很友善、客气，小朋友玩的很嗨！还想再去！,5
嗯，是看了奇妙的朋友然后比较想去玩的，很好，有很多没进过的动物。还有明星动物朋友表演。,5
在广州全面超越动物园，占地环境很大，动物种类很多，餐厅配置也很全，值得一去,5
很适合小孩去，已经去过不止一次，价钱小贵，不过分钱分货拉,5
哈哈哈哈哈哈哈哈啊哈哈哈哈哈哈啊哈哈哈啊哈哈哈哈哈哈哈哈哈哈哈哈哈哈哈哈哈哈哈哈,5
上海的朋友带孩子来广州，我带着孩子陪伴，由于时间短，我选择了长隆，上午在欢乐世界、下午看动物，晚饭在白虎自助餐厅，晚饭后再观看大马戏，长隆多元化，既有机动游戏、日夜间动物园，功能齐全，2个孩子玩得可尽兴啦，约好下次来广州再来。,5
园区干净，游玩品种丰富，适合一家大小游玩,5
星期二去的，人不多。早上按照攻略玩了所有刺激的，但到了下午不知是体力还是什么原因基本没怎么玩。所以感觉性价比不是很高。补充一点，盆友手在去之前受了伤，去到长隆医务室免费给的药物。服务还是要打满分的。,4
地方很不错，玩的也尽兴，就是千万不要和妹子一起玩，嗨得太不过分了！臣妾实在是受不了啊,5
整个游乐园非常丰富，有马戏表演，有野生动物，有五星级酒店，有自助餐厅。,4
很棒 環境很好 遊樂設施也很好玩 裡面的大**和表演也很多 很精彩 吃的也很多也很好吃 但是比外面貴了一半,5
不错的游乐中心。只是价格不低。吃喝玩乐都有。,4
好玩，而且电影都在那拍了，而且此时气候最好！休闲，度假的上上选择,5
感觉还不错，垂直过山车真的很刺激，现在想起来，还有点害怕，够刺激，也好玩。和朋友一起去的，下次有空了，再一起去玩。,4
长隆分四个区域，欢乐世界、水上乐园、野生动物园、酒店，每个都很好，交通很方便,5
小孩子很喜欢，就是不该小长假出行，人太多了，哎。。。。。。。。。。。。。。。。。。。。。。。。。。,4
非常适合带着孩子一起游玩，动物世界，鳄鱼园，欢乐世界，水上世界，马戏表演，每一项都让我很满意！,5
非常适合带着孩子一起游玩，动物世界，鳄鱼园，欢乐世界，水上世界，马戏表演，每一项都让我很满意！,5
全家出游的很好去处！动物园很好玩，小盆友玩的很开心！,5
购票方便，取票方便，9点半开园马上进去，坐了小火车先行游览，然后在步行去看了各个表演项目还有各个园区动物游玩项目，总体玩得很开心，是个值得一去的好去处。,5
很棒 環境很好 遊樂設施也很好玩 裡面的大**和表演也很多 很精彩 吃的也很多也很好吃 但是比外面貴了一半,5
不错的游乐中心。只是价格不低。吃喝玩乐都有。,4
好玩，而且电影都在那拍了，而且此时气候最好！休闲，度假的上上选择,5
感觉还不错，垂直过山车真的很刺激，现在想起来，还有点害怕，够刺激，也好玩。和朋友一起去的，下次有空了，再一起去玩。,4
长隆分四个区域，欢乐世界、水上乐园、野生动物园、酒店，每个都很好，交通很方便,5
奇妙的朋友播出后，外甥女一直想着去偶遇小伙伴们，于是乎就来了一趟说走就走的旅行，感觉还是不错的，水上乐园，动物园，马戏团，玩得尽兴，看得入迷，偶遇了可爱的小伙伴们！,5
一家人去玩，过山车非常的刺激，慢慢上，一会速度快，整个人返转，非常害怕，下来时脚都是软了,5
不错不错不错不错不错，不错不错不错不错不错，不错不错不错不错不错，不错不错不错不错不错,5
和老公一起去的，头一天在松山湖环湖踩单车，晚上打高尔夫，入住酒店，第二天睡到自然醒，开车一个钟到广州，在欢乐世界玩了一下午，能玩的机动游戏不算特别多，主要太惊险的也不敢玩，错峰出行，人不多，还挺好，晚上去看大马戏，感觉超精彩，好值！总之玩得挺开心！,5
很好和家人一起来的地方，只是园内酒店性价比不高,5
挺好玩的，上午的人比较少，玩激动游戏不用排很长的队就可以玩了。,5
很好，很适合孩子！就是园中消费水平可够高！,5
不错，订了四张票，和朋友们玩了一整天虽然累，但是很好玩，趣味多多,5
整体上说还是比较满意，让孩子再一次与小动物亲密接触，近距离了解动物的外貌、习性，观看了动物的精彩表演，受益匪浅,5
取票方便，优惠如何在大些就更好了，另外的门票预订麻烦，想定5????人的门票还要输入5个人才能定，有点不够方便。,5
好速度四大三大洒洒地阿斗阿嫂地方官vbghe体育界vbndfghetyg地方官富贵花富贵花地方工会藩国千万人航天个,5
总体不错，很方便，很快捷，节约时间，总之一句话，团购便宜！价位合适！小盆友玩得很开心！,5
非常好的野生动物园，景色特别好，那里每天都有好几场野生动物表演，带宝宝去最好住在园区，因为票可以用两天好像，一天会感觉意犹未尽。,5
这里交通方便，广州周边过来都十分贬低，周边有地铁，万达广场，四海一家。,5
很好玩人间的天堂课题研究生气吗啡很美着呢,5
非常好玩，建议先玩十环过山车，那么接下来垂直过山车就不会那么怕啦，全场最刺激就是垂直过山车了～,5
喜欢动物的大人小孩绝对会喜欢的地方，没看过大马戏，城会玩！,5
作为广州人，特别是有小孩的家庭，每年肯定来几次，确实让人增长见识，放松身心,5
孩子玩得很开心，园太大了，从开门玩到关门，呆了整整一天。就是里边的饭等不是一般的贵哦！,4
很值得去的动物园，好多动物可以看。。趣味性很赞，带长辈和小侄女一大家子玩。。建议提前查好表演时间，不管从南门还是北门进都要规划好路线。。不然来回折腾,5
很值得去的动物园，好多动物可以看。。趣味性很赞，带长辈和小侄女一大家子玩。。建议提前查好表演时间，不管从南门还是北门进都要规划好路线。。不然来回折腾,5
很值得去的动物园，好多动物可以看。。趣味性很赞，带长辈和小侄女一大家子玩。。建议提前查好表演时间，不管从南门还是北门进都要规划好路线。。不然来回折腾,5
很值得去的动物园，好多动物可以看。。趣味性很赞，带长辈和小侄女一大家子玩。。建议提前查好表演时间，不管从南门还是北门进都要规划好路线。。不然来回折腾,5
长隆去过很多次了，不管是欢乐世界，水上乐园还是野生动物园，都很好玩，个人感觉在全国范围内也算是顶级的了，遗憾的是一直没机会去看大马戏，期待下次有机会去看看。,5
????萬聖節 一票兩園 一次過滿足激動遊戲通水上樂園的願望 網上訂票 優惠爽到你 流連忘返,5
很不错的家庭游多位一体不用东奔西走！！！！,5
人太多了，都没有玩到什么，排队都要排好久，特别是星期六日，人山人海的，不过去游乐场的肯定首选长隆,5
虽然票价有点贵，但值得去，在那里玩的非常开心,5
野生动物太多了，过瘾，值得一来，小朋友很开心,5
国庆节带家人一块儿去游玩了，小朋友非常开森。风景很好，设施很有趣，景区管理很规范，到位！ 已向朋友强烈推荐亲子游玩，可以选择长隆。 携程订很方便，也有优惠，暂一个！,5
景区很大，停车方便。工作人员热情有礼貌。,4
人多，非常多。垂直过山车的感觉最好！只可惜没玩水上乐园的。时间都花在排队上了～一天就玩了四五个。里边东西特别贵，真心贵????,5
刚好遇上台风彩虹，带宝宝经历了一次雨中游玩，景区指引还不错，但是，很多附加收钱项目我觉得不应该存在，让人感觉不是太好,3
和老公三年前去过，庆周年又去玩乐，感觉刺激的也就尖叫地带，很爽，去的时候人 不多，刺激的都玩两三次，呵呵，很开心,5
